id,제목,요약,시도,시군구,주제,세부주제,문화원,태그,키워드,썸네일,주소,위도,경도,출판년도,저작권,멀티미디어수,원문URL,수집council
3459,시장에서 사용하던 다양한 용어들 1,"시장 안에는 다양한 형태의 사람들이 모이고, 그 사람들이 나름의 역할들을 하며 운영된다. 그렇기에 다른 공동체와 마찬가지로 시장 안에서만 통용되는 언어들도 존재한다. 이들 언어들은 주로 상행위와 관련한 것들로 시장 생활의 단면을 엿볼 수 있다.",전국,,문헌과 문학작품에 표현된 시장,시장에서 사용하던 구비단문,한국문화원연합회,"조선시대, 시장 관련 용어","시장, 상인, 상거래, 용어, 옛말, 상업용어",,,,,,,0,https://ncms.nculture.org/market/story/3459,한국문화원연합회
3462,새롭게 형성된 문화관광형시장,"'문화관광형시장'이란 사라져 가는 전통시장을 되살리기 위해 중소기업청과 소상공인시장진흥공단이 지원하는 전통시장 육성사업이다. 2008년 인천 송현시장, 주문진 수산시장, 충남 부여시장, 제주 동문시장의 지원을 시작으로 현재까지 꾸준히 이어지고 있으며, 현재까지 190개의 시장이 선정되어 문화관광이 접목된 시장으로 육성되고 있다.",전국,,한국 시장의 형성과 변화,시대에 따른 시장의 변화,한국문화원연합회,현대시장의 특징,"전통시장, 문화관광형시장, 전통시장법, 중소기업청, 소상공인시장진흥공단",,,,,,,0,https://ncms.nculture.org/market/story/3462,한국문화원연합회
3475,시장을 흥청거리게 하는 장돌뱅이의 장타령,"「장타령」은 장타령꾼들이 장터를 흥청거리게 하고 물건을 팔기 위해 부르던 노래였다. ‘장돌뱅이’들은 전국의 지역 장터를 다니며 각 지역의 내력이나 특징, 명물, 고사 등을 엮어서 사설을 만들어 「장타령」을 불렀다. ‘장돌뱅이’들이 부르는 「장라텽」은 장터의 흥겨운 분위기를 연출하고, 물건을 사거나 팔러 장터에 나오는 사람들에게 웃음을 주었던 노래이다.",전국,,문헌과 문학작품에 표현된 시장,시장을 배경으로 한 시와 노래,한국문화원연합회,"타령, 장돌뱅이, 시장 생활 모습","시장, 장터, 보부상, 오일장, 장타령, 장돌뱅이",,,,,,,0,https://ncms.nculture.org/market/story/3475,한국문화원연합회
3478,중개인 ‘여리꾼’과 그들의 은어 변어(邊語),"여리꾼은 서울의 시전(市廛) 주변에서 활동하는 거간의 한 부류다. 그들은 물건을 사고파는 거래뿐만 아니라 “토지와 가옥 등의 부동산, 금전 대차(貸借), 전당(典當), 사용권(使用權) 등의 매개(媒介)와 선박거간, 어음 거간” 등에 이르기까지 업무활동의 범위가 광범위하고 종류도 여러 가지다. 여리꾼은 ‘열립(列立)꾼’이 변해서 된 말로, 일정한 소속 없이 자유스러운 처지에서 위탁을 받으며, 물건을 매매할 때 그들만의 언어를 사용한다.&nbsp;",전국,,한국 시장의 구성과 운영,한국 전통시장에서의 거래방식,한국문화원연합회,"전통시장, 조선시대 시장 거래방식","시장, 거간, 중개인, 여리꾼, 변어",,,,,,,0,https://ncms.nculture.org/market/story/3478,한국문화원연합회
3479,시대의 변화로 사라진 상인 명칭,"장사를 업으로 하는 사람을 흔히 상인(商人)이라고 한다. 우리나라에는 상인을 일컫는 명칭이 다양하다. 개성상인처럼 상행위 지역에 따라서 명칭을 부르기도 하고, 시전상인처럼 상인 형태에 따라서 부르기도 한다. 상인 명칭 가운데는 시대의 변화로 인해 판매 행위가 변하면서 지금은 사라진 명칭들도 있다.",전국,,문헌과 문학작품에 표현된 시장,시장에서 사용하던 구비단문,한국문화원연합회,"시장 생활 모습, 시장의 역사","시장, 상인, 행상, 장수, 상나라",,,,,,,0,https://ncms.nculture.org/market/story/3479,한국문화원연합회
3480,조선시대에 불법이었던 난전,난전(亂廛)은 물건을 사고파는 행위에 대해서 국가로부터 허가를 받지 않고 판매하는 '행위'나 '시설'을 가리킨다. 조선시대에는 국역(國役)의 의무를 지니고 있는 육의전과 시전 등에 일부 상품을 독점해서 판매할 수 있는 특권인 금난전권(禁亂廛權)을 부여해 주었다. 그리고 국가의 허락 없이 상행위를 하는 것을 ‘난전’이라 하고 불법으로 간주하였다.,전국,,한국 시장의 구성과 운영,한국 전통시장에서의 거래방식,한국문화원연합회,"금난전권, 조선시대 시장","조선시대, 시장, 육의전, 금난전권, 시전, 난전",,,,,,,0,https://ncms.nculture.org/market/story/3480,한국문화원연합회
3450,한국 시장의 형성과 변화,"시장의 기능은 시대에 따라 조금씩 다른 변화를 보이고 있다. 과거에는 주로 물물을 교환하는 장소로서 기능하였고, 조선시대에는 상품 거래뿐만 아니라 정보교환, 사교, 오락, 정치적 집회 등이 이루어지던 공간이기도 하였다. 오늘날에는 경제적 기능뿐만 아니라 다양한 문화가 형성되고 공유되는 ‘문화 공간’으로 활용되고 있다. 한편 시장의 종류는 기준에 따라 여러 가지로 나눌 수 있는데, 현재의 한국시장은 『유통산업발전법』(2009)에 따라 ①대규모 점포, ②상점가, ③전문상가단지, ④체인사업, ⑤정기시장・임시시장, ⑥무점포판매로 구분하고 있다.",전국,,한국 시장의 형성과 변화,한국 시장의 형성과 기능,한국문화원연합회,"물물교환, 전통시장의 형성과 기능","시장, 시장의 기능, 물물교환, 상품거래, 문화 공간, 시장규칙, 시장법, 유통산업발전법, 재래시장 및 상점가 육성을 위한 특별법",https://minio.nculture.org/amsweb-opt/multimedia_assets/54/25309/7272/c/25309-thumb.jpg,,,,2018.0,한국문화원연합회,3,https://ncms.nculture.org/market/story/3450,한국문화원연합회
3456,힘 있는 선으로 표현된 이두호 만화 『객주』,만화를 보는 독자들은 그림을 통해 시각적으로 감성에 자극을 받고 문자를 통해 그 의미를 명확하게 받아들인다. 보부상을 소재로 한 김주영의 소설 『객주』도 이두호 만화가에 의해 그림과 문자로 재탄생 되었다. 만화 『객주』는 섬세하면서도 힘이 넘치는 선이 어떻게 만화적 재미를 만들어내는지를 잘 보여준다.,전국,,문헌과 문학작품에 표현된 시장,시장을 배경으로 한 이야기,한국문화원연합회,"보부상, 객주, 만화","시장, 보부상, 객주, 만화, 이두호",https://minio.nculture.org/amsweb-opt/multimedia_assets/62/25389/10587/c/25389-thumb.jpg,,,,2018.0,한국만화박물관,1,https://ncms.nculture.org/market/story/3456,한국문화원연합회
3406,보부상과 보부상 조직의 형성,"'보부상'은 조선 시대부터 지방의 정기시장을 장악했던 전문적인 상인 집단으로 취급 물품에 따라 '보상'과 '부상'으로 나뉜다. 보부상은 전국의 다니는 행상에서 비롯됐으며, 부상의 경우는 조선 초 부상청이 만들어지면서 조직화 되었고, 보상은 1879년 조직화 되었다. 이후 1883년 혜상공국이 만들어지면서 하나로 합쳐졌다.",전국,,한국 시장의 구성과 운영,한국의 전문 상인 집단 보부상,한국문화원연합회,"이성계, 보부상","보부상, 행상, 보상, 부상, 도사",,,,,,,0,https://ncms.nculture.org/market/story/3406,한국문화원연합회
3410,시장에서 사용하던 다양한 용어들 3,"시장 안에는 다양한 형태의 사람들이 모이고, 그 사람들이 나름의 역할들을 하며 운영된다. 그렇기에 다른 공동체와 마찬가지로 시장 안에서만 통용되는 언어들도 존재한다. 이들 언어들은 주로 상행위와 관련한 것들로 시장 생활의 단면을 엿볼 수 있다.",전국,,문헌과 문학작품에 표현된 시장,,한국문화원연합회,"시장 관련 용어, 조선시대 시장","시장, 상인, 상거래, 용어, 옛말, 상업용어",,,,,,,0,https://ncms.nculture.org/market/story/3410,한국문화원연합회
3412,빈부 격차를 비판하는 「돈타령」,"판소리 「흥보가」 대목 가운데 「돈타령」이 있다. 가난에 쪼들린 주인공 흥부가 돈을 받고 대신 관가(官家)에 매를 맞으러 가는 장면에서 부른다. 「돈타령」은 “사람을 귀하게 할 수도 있고, 살리고 죽일 힘도 있다.”는 내용으로 구성되어 있다. 조선시대 후기에 와서 화폐 경제 발달한다. 그러나 화폐 경제 발달은 빈부 양극화 현상을 초래하였다. 「돈타령」은 그러한 양극화 현상을 비판하고 있다.",전국,,문헌과 문학작품에 표현된 시장,시장을 배경으로 한 시와 노래,한국문화원연합회,"판소리, 타령","판소리, 돈, 흥보가, 돈타령, 화폐경제, 빈부격차",,,,,,,0,https://ncms.nculture.org/market/story/3412,한국문화원연합회
3425,고려와 조선시대 수도에 건설한 전문상가 장옥(場屋),"우리나라는 고려시대부터 수도에 장옥을 건설하여 상행위가 이루어지게 하였다. 고려시대 무렵에는 개경(開京) 동남쪽에 가로로, 조선시대에는 한양 큰 길거리 양쪽에 장옥이 벌어져 있었다. 곧 국가에서 상인들을 모아 국가 관리 하에 상업 경영에 종사하게 하고, 관리 및 양반층을 비롯한 새로 건설한 수도 주민들의 경제적 수요를 충족시켰다.",전국,,한국 시장의 구성과 운영,한국 전통시장에서의 거래방식,한국문화원연합회,"전통시장, 조선시대 시장 거래방식","조선, 시장, 고려, 한양, 개경, 전문상가, 장옥, 장행랑",,,,,,,0,https://ncms.nculture.org/market/story/3425,한국문화원연합회
3443,조선시대 시장 백과사전 『증보문헌비고』와 「시적고」,우리나라에는 시장과 관련한 고문헌이 많지 않다. 현재 우리나라에 남아 있는 시장관련 고문헌은 대부분 보부상과 관련 있는 기록들이다. 이러한 상황에서 조선시대 시장과 관련한 내용을 담고 문헌이 있다. 바로 『증보문헌비고』  가운데 「시적고」이다.&nbsp;,전국,,문헌과 문학작품에 표현된 시장,문헌에서의 시장,한국문화원연합회,조선시대 시장,"시장, 상업, 증보문헌비고, 시적고, 동국문헌비고",,,,,,,0,https://ncms.nculture.org/market/story/3443,한국문화원연합회
3335,현대 시도별 시장 현황,"2016년 기준 우리나라 전통시장은 총 1,441개이다. 전통시장 중 상권크기별로 살펴보면 읍‧면‧동 및 그 일부를 대상으로 상권이 형성된 근린상권형 시장이 62.5%의 비율로 과반 이상을 차지한다. 시도별 시장 비율은 서울 15%, 부산 11.6%, 경남 11.1%, 경북 10.2%, 경기 9.3% 등으로 높은 편이다. 특히 서울, 경기, 인천 수도권 3개 지역에 전통시장 27.5%가 위치하고 있다. 전통시장 내 총 상인수는 368,930명이다.",전국,,한국 시장의 형성과 변화,시대에 따른 시장의 변화,한국문화원연합회,"전통시장, 시장의 역사, 현대시장의 특징","시장, 전통시장, 등록시장, 인정시장, 시장상인",https://minio.nculture.org/amsweb-opt/multimedia_assets/58/25382/21123/c/25382-thumb.jpg,,,,2018.0,한국문화원연합회,3,https://ncms.nculture.org/market/story/3335,한국문화원연합회
3321,한국 시장의 형성과 발전,"시장은 물품 교환뿐만 아니라, 거래에 따른 비용을 줄이고, 생산자 간의 정보를 제공하여 생산의 효율성까지 높이는 역할을 담당한다. 한국의 경우, 490년에 상설시장이 설립되었다는 기록이 있고, 1470년에는 정기시장이 개설되었다는 기록이 보인다. 이후로는 한국의 시장은 상설시장과 정기시장[5일장]으로 구분해서 열린다. 현대에 와서는 시설의 현대화, 경영의 현대화를 통해 다양한 형태의 상설시장과 5일장이 존재한다.",전국,,한국 시장의 형성과 변화,한국 시장의 형성과 기능,한국문화원연합회,전통시장의 형성과 기능,"시장, 상설시장, 5일장, 정기시장, 한국, 장시",https://minio.nculture.org/amsweb-opt/multimedia_assets/76/25405/10603/c/25405-thumb.jpg,,,,2018.0,국립민속박물관,2,https://ncms.nculture.org/market/story/3321,한국문화원연합회
3333,전통시장에서 물건을 운반하는 도구,전통시장에 물건을 운반하는 도구에는 소나 말이 끄는 수레의 한 종류인 '달구지'가 있다. 달구지는 가장 능률적인 운반수단으로 대규모의 상단이 이동하는 경우 주로 사용하였다. 또한 달구지를 대신한 운반도구에는 수레가 다니기 어려운 지역에서 물건을 옮길 때 사용하던 '썰매'와 '구판' 등이 있다.,전국,,한국 시장의 구성과 운영,한국 전통시장에서의 거래방식,한국문화원연합회,"전통시장, 소달구지, 조선시대 시장 거래방식","달구지, 우차, 마차, 수레, 한바리, 길마, 썰매, 논썰매, 구판, 끌개",https://minio.nculture.org/amsweb-opt/multimedia_assets/74/25402/10600/c/25402-thumb.jpg,,,,2018.0,안산향토사박물관,2,https://ncms.nculture.org/market/story/3333,한국문화원연합회
3364,전통시장에서의 물건 포장과 이동 도구,"시장 상점에서 물건을 구입하고 보자기를 펼쳐 그 위에 물건을 하나 둘씩 담고 매듭으로 묶었다. 산간마을에서는 물건을 구입해 주루막에 담는다. 시장 상가에서는 팔 물건들을 포대에 담아 진열해 둔다. 이들 보자기, 주루막, 포대는 시장에서 물건의 진열과 포장, 이동 등 다양한 용도로 사용하였다.&nbsp;",전국,,한국 시장의 구성과 운영,한국 전통시장에서의 거래방식,한국문화원연합회,조선시대 시장 거래방식,"시장, 주루막, 보자기, 포대, 운반도구, 포장도구, 진열도구",https://minio.nculture.org/amsweb-opt/multimedia_assets/106/25446/10644/c/25446-thumb.jpg,,,,2018.0,국립민속박물관,2,https://ncms.nculture.org/market/story/3364,한국문화원연합회
3361,조선시대 국제무역을 담당한 개성상인,"조선시대 개성을 중심으로 국내 상업과 국제무역을 담당하고, 인삼 재배 및 홍삼제조업 등을 한 한국의 대표적 상인집단이‘개성상인’이다. 조선시대 후기에 들어서면서 개성상인은 조선을 중심으로 청나라, 일본을 이어지는 삼각무역의 핵심 상인으로 활동하면서 크게 발전하였다. 19세기 이후 인삼 재배에 자본을 투자하였으며, 재배한 인삼으로 홍삼(紅蔘)을 생산하기도 하였다.",전국,,한국 시장의 구성과 운영,전통시장 판매 물품과 장인,한국문화원연합회,"인삼, 홍삼, 조선시대 시장","조선, 상인, 국제무역, 개성, 고려, 인삼, 홍삼",https://minio.nculture.org/amsweb-opt/multimedia_assets/102/25441/10639/c/25441-thumb.jpg,,,,2018.0,국립민속박물관,1,https://ncms.nculture.org/market/story/3361,한국문화원연합회
3369,한국 전통시장에서의 거래 행위,"한국의 전통시장에서 거래가 이루어졌던 곳은 시장이었으며, 이러한 거래의 주체는 상인들이었다. 조선 초기만 해도 상거래를 위해서는 반드시 관의 허가가 필요했다. 그래서 조선시대에는 특정 상인들에게 상거래를 할 수 있는 특권을 주었으며, 그들을 ‘관허상인’이라고 하였다. 관허상인에는 시전상인, 공인, 보부상 등이 있었다. 그러나 조선후기에는 조정의 허가 없이 활동했던 상인들이 생겨났으며, 그들을 ‘사상(私商)’이라고 하였다. 대표적인 사상에는 경강상인, 개성상인, 의주상인들이 있었다.",전국,,한국 시장의 구성과 운영,한국 전통시장에서의 거래방식,한국문화원연합회,"전통시장, 보부상","전통시장, 보부상, 개성상인, 상거래, 시전상인, 관허상인, 공인, 방물장수, 사상, 송상, 송방",https://minio.nculture.org/amsweb-opt/multimedia_assets/103/25442/10640/c/25442-thumb.jpg,,,,2018.0,수원광교박물관,1,https://ncms.nculture.org/market/story/3369,한국문화원연합회
3322,보부상들의 치열한 삶을 보여주는 소설 「객주」,"김주영의 「객주」는 조선 후기 치열하게 살았던 보부상들의 모습을 보여주는 소설이다. 1979년 6월부터 1983년 2월까지, 4년 9개월 동안 1,465회에 걸쳐 「서울신문」에 연재되었다. 보부상이 떠돌면서 살아내는 치열한 삶이 인간의 삶이며, 그것이 다른 이에게 도움도 주고, 때로는 피해도 주는 것임을 보여준다.",전국,,문헌과 문학작품에 표현된 시장,시장을 배경으로 한 이야기,한국문화원연합회,"보부상, 객주, 소설","시장, 보부상, 상인, 객주, 소설, 김주영, 장사의 신",,,,,,,0,https://ncms.nculture.org/market/story/3322,한국문화원연합회
3329,장터 노름판에 흥을 돋우는 노름노래,"장터나 주막집 등에서 했던 노름놀이 가운데 노래와 함께 부르면서 했던 대표적인 놀이가 ‘투전’과 ‘곱새치기’다. 투전은 그림이나 문자 따위를 그려 넣은 종이조각을 뽑아 끗수로 승부를 내는 놀이고, 곱새치기는 ‘긴목’ 또는 ‘진목’이라는 숫자 기구의 끗수에 따라 여러 가지 노래를 하면서 노는 놀이다. 투전과 곱새치기는 놀이는 본질적으로 겨루는 자체에서 오는 흥과 즐거움을 추구하고, 「투전풀이」와 「숫자불림」 같은 노래는 그러한 놀이에 재미와 흥겨움을 더해주는 구실을 한다.",전국,,문헌과 문학작품에 표현된 시장,시장을 배경으로 한 시와 노래,한국문화원연합회,"노래, 전투전적비","시장, 곱새치기, 투전, 노름놀이, 투전풀이, 숫자풀이",,,,,,,0,https://ncms.nculture.org/market/story/3329,한국문화원연합회
3330,조선의 중간상인 객주,"객주란 '객상주인' 또는 '여객 주인'의 준말로 각지에 모여드는 상인들에게 숙식을 제공하고, 물품을 보관해주며, 매매가 성립될 수 있도록 도와주는 임무를 수행한 '중간상인'을 말한다. 그들은 숙박업, 창고업, 금융업 등 과거 상업 경제의 모든 분야해서 활동하였다.",전국,,한국 시장의 구성과 운영,한국 전통시장에서의 거래방식,한국문화원연합회,"객주, 조선시대 시장","객주, 거간, 여각, 물상객주, 위탁매매인",,,,,,,0,https://ncms.nculture.org/market/story/3330,한국문화원연합회
3336,시장 생활 유지를 위한 다양한 속신어,"시장에는 다양한 속신어가 존재한다. 이들 시장에서 전해지는 속신어를 통해 시장 생활을 유지해 간다. 시장 사람들의 생각과 행동을 제약하기도 하고, 시장 유지를 위해 교육을 시키는 역할을 담당하기도 한다. 속신어를 통해 일종의 단체생활을 영위하게 하는 것이다.",전국,,문헌과 문학작품에 표현된 시장,시장에서 사용하던 구비단문,한국문화원연합회,"시장 관련 용어, 시장 생활 모습","시장, 상인, 구비단문, 속신어",,,,,,,0,https://ncms.nculture.org/market/story/3336,한국문화원연합회
3338,전통시장에서의 고리대와 이자,"전통시장에서 돈을 빌리고 갚는 것은 매 장날마다 일정한 장소에서 이루어진다. 상인들 스스로 돈을 빌리거나 갚기도 하지만, 대부분 농민들이 상인들에게 돈을 빌리거나 갚는다. 농민들이 현물을 대여 받았을 경우 현물로 갚기도 하고, 노동력으로 대신 갚기도 하였다. 한편, 우리나라 전통시장에서 통용되던 이자의 종류는 매우 다양하였다.&nbsp;",전국,,한국 시장의 구성과 운영,한국 전통시장에서의 거래방식,한국문화원연합회,조선시대 시장 거래방식,"시장, 전통시장, 고리대금, 이자",,,,,,,0,https://ncms.nculture.org/market/story/3338,한국문화원연합회
3341,시장의 모습을 보여주는 다양한 속담 1,"시장과 관련해서도 다양한 속담들이 전해진다. 시장과 관련한 속담 속에서는 시장 생활을 통해 습득한 다양한 지혜들이 담겨져 있다. 또한 시장과 관련한 속담을 통해서 시장에서 상인과의 관계, 상행위 등에 대한 모습을 엿볼 수 있다.&nbsp;",전국,,문헌과 문학작품에 표현된 시장,시장에서 사용하던 구비단문,한국문화원연합회,"시장 관련 속담, 시장 생활 모습","시장, 상인, 구비문학, 속담, 옛말, 구비단문",,,,,,,0,https://ncms.nculture.org/market/story/3341,한국문화원연합회
3349,한국시장의 기능과 종류,"시장의 기능은 시대에 따라 조금씩 다른 변화를 보이고 있다. 과거에는 주로 물물을 교환하는 장소로서 기능하였고, 조선시대에는 상품 거래뿐만 아니라 정보교환, 사교, 오락, 정치적 집회 등이 이루어지던 공간이기도 하였다. 오늘날에는 경제적 기능뿐만 아니라 다양한 문화가 형성되고 공유되는 ‘문화 공간’으로 활용되고 있다. 한편 시장의 종류는 기준에 따라 여러 가지로 나눌 수 있는데, 현재의 한국시장은 『유통산업발전법』(2009)에 따라 ①대규모 점포, ②상점가, ③전문상가단지, ④체인사업, ⑤정기시장・임시시장, ⑥무점포판매로 구분하고 있다.",전국,,한국 시장의 형성과 변화,한국 시장의 형성과 기능,한국문화원연합회,"물물교환, 전통시장의 형성과 기능","시장, 시장의 기능, 물물교환, 상품거래, 문화 공간, 시장규칙, 시장법, 유통산업발전법, 재래시장 및 상점가 육성을 위한 특별법",,,,,,,0,https://ncms.nculture.org/market/story/3349,한국문화원연합회
3353,담배를 노래한 「담바구타령」,"장의 보따리 상인들이 잠시 쉬는 틈에 물고 있는 담뱃대, 특히 사랑방에서 들려오는 할아버지의 담뱃대는 어른들만의 전유물이자 가장으로서 권위를 상징하고 있다는 것을 보여준다. 담배가 우리나라에 들어온 것은 조선시대에 일본을 거쳐 들어왔거나, 중국의 북경을 다니던 상인들에 의하여 도입된 것으로 추측한다. 조선시대에 들어온 담배를 소재로 해서 전국적으로 전승하는 민요가 있는데 이를 「담바구타령」이라고 한다.",전국,,문헌과 문학작품에 표현된 시장,시장을 배경으로 한 시와 노래,한국문화원연합회,"담배, 경기민요, 타령, 노래","담배, 민요, 연초, 담바구타령, 경기민요, 담배노래",,,,,,,0,https://ncms.nculture.org/market/story/3353,한국문화원연합회
3366,월두 달을 노래하는 「화투타령」,"조선시대부터 우리나라에 들어와 현재까지 이어지는 노름놀이가 있다. 그것은 열두 달을 상징하는 화초그림딱지를 가지고 노는 놀이인 화투다. 화투는 12종류 48장으로 되어 있는 놀이딱지로, 우리나라에 들어온 후 급속히 전파되어 오늘날 가장 대중적으로 이용되는 노름도구가 되었다. 「화투타령」은 1에서 10까지 화투를 사용해 불림을 하며 승패를 겨루는 놀이를 할 때 부르기도 하고, 일상생활 속에서 개인의 심회를 표출할 때도 부른다.",전국,,문헌과 문학작품에 표현된 시장,시장을 배경으로 한 시와 노래,한국문화원연합회,"화투, 타령, 노래","시장, 화투타령, 화투, 노름, 놀이, 화투뒷풀이",,,,,,,0,https://ncms.nculture.org/market/story/3366,한국문화원연합회
3367,시장의 모습을 보여주는 다양한 속담 4,"시장과 관련해서도 다양한 속담들이 전해진다. 시장과 관련한 속담 속에서는 시장 생활을 통해 습득한 다양한 지혜들이 담겨져 있다. 또한 시장과 관련한 속담을 통해서 시장에서 상인과의 관계, 상행위 등에 대한 모습을 엿볼 수 있다.&nbsp;",전국,,문헌과 문학작품에 표현된 시장,시장에서 사용하던 구비단문,한국문화원연합회,"시장 관련 속담, 시장 생활 모습","시장, 상인, 구비문학, 속담, 옛말, 구비단문",,,,,,,0,https://ncms.nculture.org/market/story/3367,한국문화원연합회
3371,"마수걸이, 덤, 에누리 등의 흥정방식","전통시장은 유통구조의 특성상 다양한 거래방식이 존재한다. 이러한 거래방식에는 마수걸이, 덤, 에누리 등의 흥정방식이다. '마수걸이'는 상품을 첫 번째로 팔아 얻는 소득인데, 상인들에게는 하루의 장사 운을 판가름하기 때문에 매우 중요하게 여긴다. 또한 '덤'은 상품을 구매한 손님에게 구매한 물건 외에 더 얹어 주는 것으로 일종의 고객에 대한 서비스이며, '에누리'는 상인과 손님 간에 상품의 가격을 조정하는 흥정방식이다.",전국,,한국 시장의 구성과 운영,한국 전통시장에서의 거래방식,한국문화원연합회,"시장 관련 용어, 조선시대 시장 거래방식","흥정, 흥정의 방식, 마수걸이, 덤, 에누리, 떨이",,,,,,,0,https://ncms.nculture.org/market/story/3371,한국문화원연합회
3373,청나라와의 국경무역을 담당한 의주상인,조선시대 평안북도 의주군을 중심으로 중계무역을 하던 상인을 의주상인이라고 한다. 의주상인은 청나라와의 무역에 있어서 국내 최대 규모의 상인이었던 개성상인과 밀접한 관계를 가지고 국내외 시장을 연결하였다. 의주상인이 중국 시장에서 상품을 구입해오면 개성상인은 국내에서 판매를 담당하는 무역 구조를 이루고 있었다. 반대로 국내 상품을 중국에 수출할 경우 개성상인이 국내 생산지에서의 상품 매점을 담당하고 의주상인이 중국으로의 수출을 담당하였다.,전국,,한국 시장의 구성과 운영,전통시장 판매 물품과 장인,한국문화원연합회,조선시대 시장,"의주상인, 만상, 중계무역, 국경무역, 전문상인, 의주",,,,,,,0,https://ncms.nculture.org/market/story/3373,한국문화원연합회
3380,엿장수들이 엿을 팔면서 부른 「엿파는소리」,오일장과 농촌의 마을을 다니며 전문적으로 엿을 파는 엿장수들은 「엿 파는 소리」에 흥을 담아 구성지게 소리를 부른다. 「엿 파는 소리」는 엿장수들이 엿을 팔면서 엿을 선전하고 손님을 끌어모으기 위해 가위 소리에 맞추어 부르던 노래다.,전국,,문헌과 문학작품에 표현된 시장,시장을 배경으로 한 시와 노래,한국문화원연합회,"타령, 노래, 엿","민요, 소리, 엿, 엿장수, 엿타령, 엿파는소리",,,,,,,0,https://ncms.nculture.org/market/story/3380,한국문화원연합회
3389,시장의 모습을 보여주는 다양한 속담 2,"시장과 관련해서도 다양한 속담들이 전해진다. 시장과 관련한 속담 속에서는 시장 생활을 통해 습득한 다양한 지혜들이 담겨져 있다. 또한 시장과 관련한 속담을 통해서 시장에서 상인과의 관계, 상행위 등에 대한 모습을 엿볼 수 있다.&nbsp;",전국,,문헌과 문학작품에 표현된 시장,시장에서 사용하던 구비단문,한국문화원연합회,"시장 관련 속담, 시장 생활 모습","시장, 상인, 구비문학, 속담, 옛말, 구비단문",,,,,,,0,https://ncms.nculture.org/market/story/3389,한국문화원연합회
3391,해방 이후의 시장,1945년 한일해방 이후에는 일제강점기에 운행되어 오던 중앙도매시장을 그대로 수용하였다. ‘위탁상’들도  급속도로 번창하기 시작하였다. 그래서 농수산물의 도매상권이 위탁상들에 의해 거의 장악이 되었다. 이후 합법적인 도매시장과 위탁상들 중심의 불법적인 도매시장이 1960년대부터 1980년대까지도 함께 공존하였다.,전국,,한국 시장의 형성과 변화,시대에 따른 시장의 변화,한국문화원연합회,"일제강점기, 한국전쟁, 도매시장, 시장의 역사","시장, 불법시장, 중앙도매시장, 농수산물도매시장, 중앙도매시장법",,,,,,,0,https://ncms.nculture.org/market/story/3391,한국문화원연합회
3298,"전통시장에서 길이와 양, 무게를 재는 도량형","도량형(度量衡)은 길이와 양, 무게 등을 재는 기구 및 단위법을 가리키는 말이다. 도(度)는 길이의 길고 짧음을 나타내고, 양(量)은 부피가 크고 작음을 재는 것, 형(衡)은 무게의 가볍고 무거움을 나타내는 것이다. 길이를 재는 기구 가운데 현존하는 것은 황종척(黃鍾尺), 주척(周尺), 영조척(營造尺), 예기척(禮器尺), 포백척(布帛尺) 등이 있다. 부피를 재는 기구에는 섬[斛], 되[升], 홉(合) 등이 있으며, 무게를 재는 기구에 근(斤), 푼[分] 등이 있다.",전국,,한국 시장의 구성과 운영,한국 전통시장에서의 거래방식,한국문화원연합회,조선시대 시장 거래방식,"시장, 전통시장, 부피, 무게, 기구, 도량형, 길이",https://minio.nculture.org/amsweb-opt/multimedia_assets/112/25452/10650/c/25452-thumb.jpg,,,,2018.0,국립중앙박물관,5,https://ncms.nculture.org/market/story/3298,한국문화원연합회
3260,전통시장에서 사용하던 셈기구,"전통시장에서 물건을 사고팔기 위해서는 물건의 특성에 맞게 도량형을 가지고 길이·부피·무게를 재고, 그 결과에 맞게 계산이 이루어진다. 이 때 계산을 쉽게 하기 위해서 ‘산가지[算木]’나 ‘주판(珠板)’등의 셈기구를 사용한다. 산가지는 숫자를 계산하기 위해 나무 막대를 이용하며, 주판은 인류 역사상 처음으로 개발한 셈기구다. 고대 중국에서 비롯해서 오늘날까지도 사용한다.",전국,,한국 시장의 구성과 운영,한국 전통시장에서의 거래방식,한국문화원연합회,"주판, 조선시대 시장 거래방식","주판, 화폐, 시장, 상인, 산가지, 셈기구, 산대, 기구",https://minio.nculture.org/amsweb-opt/multimedia_assets/110/25450/10648/c/25450-thumb.jpg,,,,2018.0,국립민속박물관,3,https://ncms.nculture.org/market/story/3260,한국문화원연합회
3273,보부상과 오일장과의 관계,"시장은 일반적으로 ""판매자와 구매자 간에 상품거래가 행해지는 장소""를 말하며, 조선시대에는 장시(場市), 장(場), 향시(鄕市)라고 불렸다. 오늘날의 정기시장은 5일마다 장이 서는 오일장으로 대표되지만, 조선시대에는 지역이나 시기에 따라서 열리는 정기시장도 있었다. 또한, 보부상은 지방의 오일장을 장악했던 전문적인 상인으로 장과 장을 이동하며 상업 활동에 종사하였다.",전국,,한국 시장의 구성과 운영,한국의 전문 상인 집단 보부상,한국문화원연합회,보부상,"보부상, 오일장, 정기시장, 보상, 부상, 장시(場市), 장(場), 향시(鄕市), 민속놀이 공연",https://minio.nculture.org/amsweb-opt/multimedia_assets/89/25427/10625/c/25427-thumb.jpg,,,,2018.0,옛길박물관,3,https://ncms.nculture.org/market/story/3273,한국문화원연합회
3264,전통시장에서 거래물건의 대체방식,"한국의 전통시장에서는 다양한 상품들이 거래되었으며, 거래 관행에 따라 거래물건의 대체하는 다양한 거래문서들이 생겨났다. 특히 상품을 거래할 때는 수표, 임치장, 출차표 등을, 돈을 빌릴 때는 어음, 환간, 보음지, 삭채표 등의 문서들을 사용하였다.",전국,,한국 시장의 구성과 운영,한국 전통시장에서의 거래방식,한국문화원연합회,조선시대 시장 거래방식,"수표, 임치장, 출차표, 어음, 환간, 보음지, 삭채표",https://minio.nculture.org/amsweb-opt/multimedia_assets/86/25418/10616/c/25418-thumb.jpg,,,,2018.0,옛길박물관,2,https://ncms.nculture.org/market/story/3264,한국문화원연합회
3242,"조선시대 매매 중개업을 담당하던 객주, 거간, 여각","조선시대 상인 가운데 중개업을 담당하던 대표적인 상인이 객주, 거간, 여각 등이다. 객주는 각처에서 모여드는 객상들에게 거처할 곳을 제공하고 물건을 보관하는 일, 매매를 성사시키는 일 등을 생업으로 하는 상인이고, 거간은 객주에게 시장의 거래상황을 알려주고 매매자의 신용 정보 등을 조사해 주는 등 객주가 거래로 인해 손해를 입지 않도록 하는 역할을 담당한다. 한편 여각은 주로 연안 각 포구에서 활동하였으며, 대개 큰 창고를 보유하고 소와 말을 재울 수 있는 마당을 설치하기도 하였다.",전국,,한국 시장의 구성과 운영,한국 전통시장에서의 거래방식,한국문화원연합회,"객주, 조선시대 시장","시장, 상인, 객주, 중개업, 거간, 여각",https://minio.nculture.org/amsweb-opt/multimedia_assets/70/25398/10596/c/25398-thumb.jpg,,,,2018.0,국립민속박물관,1,https://ncms.nculture.org/market/story/3242,한국문화원연합회
3287,한반도 서북지역의 중심 시장 평양시장,"평양은 현재 북한의 수도이자, 4천여 년의 역사를 지닌 고도(古都)이다. 대동강 하류에 위치해 있기에 오래 전부터 풍부한 생산물과 뛰어난 절경으로 한반도 서북지역의 중심지 역할을 하였다. 평양시장은 북으로는 연경, 남으로는 동래를 잇는 시장으로 평양상인들은 국내는 물론 중국 연경까지 진출하였다. 한말에는 남한의 대구시장, 강경시장과 함께 ‘조선의 3대 시장’이라고 하였다.",북한,,한국의 지역별 대표 상설시장과 오일장,북한의 대표 상설시장과 오일장,한국문화원연합회,"평양, 북한의 전통시장","대동강, 시장, 평양시장, 평양, 북한, 평양상인",https://minio.nculture.org/amsweb-opt/multimedia_assets/100/25439/10637/c/25439-thumb.jpg,,,,2018.0,국립민속박물관,1,https://ncms.nculture.org/market/story/3287,한국문화원연합회
3308,개성상인의 활동 무대 개성시장,"개성은 고려시대의 도읍지였다. 왕건은 개성으로 도읍을 옮긴 뒤 시전(市廛)을 건축하였다. 왕과 대궐의 관리 및 그 가족들의 의식주 생활을 위해서 매일 생활필수품의 조달이 필요했기 때문이다. 개성은 항구 도시인 벽란도와 함께 국제 상업 도시로도 알려져 있었다. 외국 사신들이 드나들면서 나라와 나라 사이의 공무역이 이루어졌고, 고려의 상인들과 외국에서 사신과 함께 온 상인들 간의 사적인 무역도 이루어졌다. 특히 개성은 개성상인들의 조직과 정신, 뛰어난 상술 등으로 상업의 요충지가 될 수 있었다.&nbsp;",북한,,한국의 지역별 대표 상설시장과 오일장,,한국문화원연합회,"인삼, 북한의 전통시장","시장, 개성상인, 개성, 인삼, 개경, 벽란도",https://minio.nculture.org/amsweb-opt/multimedia_assets/102/25441/10639/c/25441-thumb.jpg,,,,2018.0,국립민속박물관,1,https://ncms.nculture.org/market/story/3308,한국문화원연합회
3253,장터에서 내는 장세,"'장세(場稅)'란 시장에서 거래하는 상인들에게 거두던 세금을 말하며, 정주상인과 노점상에 따라 구분되어 징수되었다. 장옥에서 장사를 하는 정주상인들은 한 달에 한번 ‘장옥세(場屋稅)’를 내야 했으며, 노점상들은 장마다 ‘노점세(露店稅)’를 내야만 하였다. 장세는 주로 지방관아의 판공비로 사용되었으며, 조선시대 하급 관리였던 ‘감고(監考)’에 의해 징수되었다.",전국,,한국 시장의 구성과 운영,한국 전통시장에서의 거래방식,한국문화원연합회,"노점상, 조선시대 시장 거래방식","노점상인, 장터의 세금, 장옥세, 노점세, 정주상인, 판공비, 감고, 권농관",,,,,,,0,https://ncms.nculture.org/market/story/3253,한국문화원연합회
3254,사람으로 변신한 여우를 쫓은 소금장수,"우리나라 설화 가운데 장사꾼이 주인공으로 등장하는 경우가 간혹 있다. 가장 대표적인 것이 「여우 잡은 소금장수」 설화다. 이 설화는 전국적으로 분포하는 민담형태의 이야기다. 사람의 모습으로 변신한 여우를 소금장수가 작대기로 물리친다는 내용이다. 설화 속에 등장하는 소금장수를 비롯한 장사꾼들은 전국의 장터를 떠돌아다니기에 많은 것을 보고 듣는다. 그렇기에 일반인들보다 경험이 풍부하다. 설화 속에서도 일반인들에게 문제가 생기면, 그 문제를 해결해주는 역할을 담당하게 된다.",전국,,문헌과 문학작품에 표현된 시장,시장을 배경으로 한 이야기,한국문화원연합회,시장설화,"설화, 소금장수, 여우, 민담, 기이담",,,,,,,0,https://ncms.nculture.org/market/story/3254,한국문화원연합회
3261,시장에서 사용하던 다양한 용어들 2,"시장 안에는 다양한 형태의 사람들이 모이고, 그 사람들이 나름의 역할들을 하며 운영된다. 그렇기에 다른 공동체와 마찬가지로 시장 안에서만 통용되는 언어들도 존재한다. 이들 언어들은 주로 상행위와 관련한 것들로 시장 생활의 단면을 엿볼 수 있다.",전국,,문헌과 문학작품에 표현된 시장,시장에서 사용하던 구비단문,한국문화원연합회,"시장 관련 용어, 조선시대 시장","시장, 상인, 상거래, 용어, 옛말, 상업용어",,,,,,,0,https://ncms.nculture.org/market/story/3261,한국문화원연합회
3265,거상 임상옥을 주인공으로 한 소설 「상도」,『상도(商道)』는 조선시대 후기의 상인 임상옥(林尙沃 : 1779∼855)의 활동을 다룬 최인호의 소설이다. 임상옥은 200여 년 전에 실재했던 인물이다. 조선시대 후기 국제무역계의 거상(巨商)이었다. 임상옥은 국제무역의 흐름을 꿰뚫고 있었다. 또한 냉혹한 승부사 기질로도 명성을 쌓았다. 한편 그는 항상 겸손하고 신의를 지킬 줄 알았던 인물이었다. 작가 최인호는 소설 『상도』를 통해 한국사회 경제 철학의 모델을 제시하려 하였다.,전국,,문헌과 문학작품에 표현된 시장,시장을 배경으로 한 이야기,한국문화원연합회,소설,"국제무역, 상도, 최인호, 임상옥, 대하소설, 인삼교역",,,,,,,0,https://ncms.nculture.org/market/story/3265,한국문화원연합회
3275,형태에 따른 다양한 장사 용어,"시장에서 물건을 파는 것을 ‘장사’라고 한다. 장사의 형태에 따라서 혼자 하는 경우도 있고, 둘 이상이 같이 하는 경우도 있다. 또한 한 곳에 정착해서 독점적으로 장사하기도 하고, 교통수단과 교통로가 완전하지 않아 여기저기 이동해 다니면서 장사를 하기도 한다. 어울려서 하는 장사를 얼럭장사, 혼자 하는 장사를 외목장사, 이동해 다니며 하는 장사를 도붓장사, 부정기적으로 하는 장사를 뜨내기장사라고 한다.",전국,,문헌과 문학작품에 표현된 시장,시장에서 사용하던 구비단문,한국문화원연합회,시장 관련 용어,"시장, 상인, 상업, 장수, 장사",,,,,,,0,https://ncms.nculture.org/market/story/3275,한국문화원연합회
3278,현대 시장 종사자와 상인조직 현황,"한국의 전통시장은 1980년대 말부터 유통체계가 다변화하면서 침체기를 겪고 있었다. 더욱이 1997년 유통시장이 개방되면서 새로운 산업 환경에 대응하기 위한 변화가 필요하였다. 이에 따라 전통시장을 육성하기 위하여 시설 현대화와 경영 현대화가 지속적으로 이루어지고 있다. 또한 보다 체계적인 지원을 위해 2005년부터 전국적으로 전통시장에 대한 실태조사를 진행하고 있다. 2017년 8월 기준으로 전국에는 1,584개의 시장이 있고, 상인은 368,930명이며, 1331개의 시장이 상인 조직에 가입되어 있다.",전국,,한국 시장의 형성과 변화,시대에 따른 시장의 변화,한국문화원연합회,"전통시장, 현대시장의 특징","전통시장, 상인, 상인조직, 상인연합회, 전국상인연합회",,,,,,,0,https://ncms.nculture.org/market/story/3278,한국문화원연합회
3294,독립운동 단체인 상무동사,"'상무동사'는 일제의 경제 침략에 맞서 우리 민족의 산업을 발전시키기 위해 신민회에 의해 1908년 평안북도 용천에 만들어진 회사이다. 상무동사는 주식회사 형태로 운영되었으며, 수익금 일부는 항일 독립운동 단체인 ‘신민회’의 제정을 지원하였다. 또한, 시장세 납부를 거부하는 ‘백일세항세운동’을 주도하기도 하였다.",전국,,한국 시장의 구성과 운영,,한국문화원연합회,"독립운동, 보부상, 신민회","상무동사, 신민회, 용천장, 시장세, 백일세항세운동",,,,,,,0,https://ncms.nculture.org/market/story/3294,한국문화원연합회
3300,시장의 모습을 보여주는 다양한 속담 3,"시장과 관련해서도 다양한 속담들이 전해진다. 시장과 관련한 속담 속에서는 시장 생활을 통해 습득한 다양한 지혜들이 담겨져 있다. 또한 시장과 관련한 속담을 통해서 시장에서 상인과의 관계, 상행위 등에 대한 모습을 엿볼 수 있다.",전국,,문헌과 문학작품에 표현된 시장,시장에서 사용하던 구비단문,한국문화원연합회,"시장 관련 속담, 시장 관련 용어, 시장 생활 모습","시장, 상인, 구비문학, 속담, 옛말, 구비단문",,,,,,,0,https://ncms.nculture.org/market/story/3300,한국문화원연합회
3301,시전 상인과 난전 상인의 갈등을 기록한 『각전기사』,"조선시대 난전이 지속적으로 늘어나고, 시전 상인과의 갈등 또한 증가하였다. 『각전기사』는 조선시대 정조 연간에 제작되었을 것으로 추정되며, 당시 시전 상인과 난전 상인들의 갈등이 구체적으로 기록되어 있다. 『각전기사』는 현재 교토대학교 도서관에 소장되어 있다.",전국,,문헌과 문학작품에 표현된 시장,문헌에서의 시장,한국문화원연합회,"금난전권, 시전상인, 조선시대 시장, 지역시장","조선시대, 시장, 상인, 시전, 난전, 각전기사",,,,,,,0,https://ncms.nculture.org/market/story/3301,한국문화원연합회
3302,전통시장을 구성한 다양한 상점의 이름들,"장에는 사람들이 항상 몰린다. 그래서 ‘도떼기시장’이라는 말도 생겼다. 시장에는 많은 상점들이 있다. 장옥(場屋), 난전(亂廛), 싸전, 포목점, 토기점, 어물전 등이다. 그런데 전통시장의 상점 가운데 지금은 전해지지 않는 상점과 명칭들이 있다.&nbsp;",전국,,문헌과 문학작품에 표현된 시장,시장에서 사용하던 구비단문,한국문화원연합회,"시장 관련 용어, 시장 생활 모습","시장, 상인, 저자, 상점, 저잣거리",,,,,,,0,https://ncms.nculture.org/market/story/3302,한국문화원연합회
3303,현대시장의 특성별 현황,"정부는 2004년 전통시장의 육성을 위해 『재래시장 및 상점가 육성을 위한 특별법』을 만들었다. 또한 전통시장의 특성을 등록유형, 상권규모, 시장크기, 시장소유, 시장형태, 개설주기, 취급상품, 소재지로 유형화하고 분류하였다. 이는 시장의 형태에 따라 지원내용과 방식에 차이를 두기 위함이다.",전국,,한국 시장의 형성과 변화,시대에 따른 시장의 변화,한국문화원연합회,"전통시장, 현대시장의 특징","전통시장, 재래시장, 현대시장, 등록유형, 상권규모, 시장크기, 시장소유, 시장형태, 개설주기, 취급상품, 소재지",,,,,,,0,https://ncms.nculture.org/market/story/3303,한국문화원연합회
3314,전통시장을 구성한 다양한 사람들의 이름들,"우리나라 전통시장에는 다양한 사람들이 모인다. 물건을 판매하는 사람, 물건을 구매하는 사람, 가격을 흥정하는 사람, 물건을 운반해주는 전문 짐꾼, 시세를 알아보기 위해 나온 장꾼 등이다. 이들은 각기 나름의 이름을 가지고 있었다. 그러나 현대 시장에서는 듣기 어려운 이름이 되었다.&nbsp;",전국,,문헌과 문학작품에 표현된 시장,,한국문화원연합회,"시장 관련 용어, 시장 생활 모습","시장, 전통시장, 상인, 명칭",,,,,,,0,https://ncms.nculture.org/market/story/3314,한국문화원연합회
7607,‘시장세 반대운동’을 통해 일제에 저항하다,일제는 조선을 침탈하면서 경제적인 착취를 위해 우리나라의 조세제도를 대대적으로 정비했다. 시장세는 이러한 과정에서 탄생했다. 시장세는 제도적으로도 절차적으로도 여러 문제가 많았다. 어려움에 처한 시장 상인들은 이에 굴하지 않고 자신들의 목소리를 내고 불합리한 정책에 맞서 저항했다. 20세기 초 대한민국 전역에서 벌어졌던 상인들의 시장세 반대운동은 시민운동이자 민족운동이었다.,전국,,한국 시장의 형성과 변화,현대사의 무대였던 전통시장,한국문화원연합회,"일제강점기, 을사조약, 시장 관련 용어","일제강점기, 시장세, 시장세반대운동, 시민운동, 민족운동",,,,,,,0,https://ncms.nculture.org/market/story/7607,한국문화원연합회
7107,1950년대 시장의 아낙네들을 판화로 담은 빌리 세일러,일본에서 활동했던 독일 작가 빌리 세일러. 그는 1950년대 한국인의 삶을 담은 판화 작품을 남겼다. 그의 작품 속에 등장하는 한국인은 살아 있는 듯한 느껴진다. 특히 한국전쟁 후 가난했던 시절의 고된 삶과 전쟁에서 살아남았다는 안도의 평온함이 묘하게 교차하며 한 편의 영화를 보는 느낌이다. 그의 작품 중 한국의 시장 풍경을 그린 두 편의 작품은 여성을 전면 주인공에 배치함으로써 가난했던 시절 가족을 위해 희생하고 분투했던 이땅의 여성들의 치열했던 이야기를 담았다.,서울특별시,종로구,그림으로 보는 한국의 전통시장,상인을 그린 작가,한국문화원연합회,"풍경화, 시장 생활 모습, 근현대 시장 풍경","시장, 어시장, 동판화, 빌리세일러, 에칭",https://minio.nculture.org/amsweb-opt/multimedia_assets/193/85116/84492/c/%EB%B9%8C%EB%A6%AC-%EC%84%B8%EC%9D%BC%EB%9F%AC_%EB%8B%A4%EC%83%89%EB%8F%99%ED%8C%90%ED%99%94%281%29_%EA%B5%AD%EB%A6%BD%EB%AF%BC%EC%86%8D%EB%B0%95%EB%AC%BC%EA%B4%80_%EC%A0%9C1%EC%9C%A0%ED%98%95-thumb.jpg,서울특별시 종로구 세종로 1-1,37.5808477574564,126.9768513578,2021.0,국립민속박물관,1,https://ncms.nculture.org/market/story/7107,한국문화원연합회
7603,해외에서 먼저 각광받은 기산 김준근의 풍속화 '시장',수수께끼 화가 기산 김준근. 그는 다양한 작품을 남겼지만 그에 대한 기록은 전하지 않는다. 18~19세기 다양한 풍속화를 남긴 기산의 작품은 글로도 사진으로도 전하지 않지만 우리나라 민속사의 중요한 자료이기도 하다. 흥미롭게도 그의 작품은 한국보다 유럽에 많이 남아있다. 아마도 김준근은 역대 한국 화가들 중 가장 많은 작품을 해외에 판매한 작가이자 최초의 한류 예술인이 아니었을까? 그가 남긴 시장 그림은 조선시대 장터의 생생함을 전해준다.,서울특별시,종로구,그림으로 보는 한국의 전통시장,시장을 그린 작품,한국문화원연합회,"풍속화, 풍속화가, 근현대 시장 풍경","김준근, 시장, 풍속화, 기산풍속화, 기산풍속도",https://minio.nculture.org/amsweb-opt/multimedia_assets/185/85107/84472/c/%EA%B8%B0%EC%82%B0-%EA%B9%80%EC%A4%80%EA%B7%BC_%ED%85%AC%EB%A1%9C%EB%A0%A5%EB%8E%A1%28%ED%95%A9%EC%A7%88%29%EC%84%9C%EB%AC%B8_%EB%AC%B8%ED%99%94%EC%9E%AC%EC%B2%AD_%EC%A0%9C1%EC%9C%A0%ED%98%95-thumb.jpg,서울특별시 종로구 세종로 1-1,37.5808477574564,126.9768513578,2021.0,문화재청,1,https://ncms.nculture.org/market/story/7603,한국문화원연합회
7108,경강을 오가던 ‘황포돛배’를 그린 릴리안 메이 밀러,"조선시대부터 경강은 팔도 산물이 모이는 곳이었다. 상인들은 정부의 세곡과 소작미 뿐만 아니라 농산물과 목재, 땔나무 등을 싣고 와서 소금과 새우젓 등으로 교환해갔다. 광나루에서 양화진까지 전국 각지에서 물자를 싣고 온 배가 장을 열었다. 황포돛배는 경강을 오가던 배였다. 화가 릴리안 메이 밀러는 일제강점기 서울에 살면서 한국을 담은 40여 점의 작품을 남겼다. 이중 황포돛배는 당시 경강을 오가던 배의 아름다운 모습을 보여준다.",서울특별시,종로구,그림으로 보는 한국의 전통시장,상인을 그린 작가,서울시문화원연합회,"풍경화, 시장 생활 모습, 근현대 시장 풍경","경강상인, 경강, 목판화, 황포돛배, 릴리안메이밀러",,,,,,,0,https://ncms.nculture.org/market/story/7108,한국문화원연합회
3284,장터를 떠도는 각설이들의「각설이타령」,"각설이는 장터를 비롯해 길거리, 잔칫집, 상가집 등을 돌아다니며 동냥을 하기도 하지만, 청중들을 위로하는 오락적 흥겨움과 축원을 담은 노래를 불러주기도 하였다. 그들은 집단생활을 하였으며, 그들이 부르는 「각설이타령」은 사회에 대한 고발과 풍자적인 표현도 담고 있다.",전국,,문헌과 문학작품에 표현된 시장,시장을 배경으로 한 시와 노래,한국문화원연합회,"판소리, 타령","장터, 민요, 각설이, 각설이타령, 걸립패",,,,,,,0,https://ncms.nculture.org/market/story/3284,한국문화원연합회
3390,일제강점기 일본인의 시선으로 본 시장,"일제강점기 조선총독부에 의해 조선을 대상으로 한 민속 조사가 이루어졌다. 당시 조선총독부의 위탁 신분으로 조선의 민속을 조사한 사람이 무라야마 지준이다. 그는 시장이 조선사회에 미치는 영향에 대해서 사회경제, 사회발전, 사회생활, 사회결합 등으로 나누어 설명하였다.&nbsp;",전국,,문헌과 문학작품에 표현된 시장,문헌에서의 시장,한국문화원연합회,"일제강점기, 조선총독부, 조선시대 시장","시장, 오일장, 조선의 시장, 조선의 장시, 무라야마지준",,,,,,,0,https://ncms.nculture.org/market/story/3390,한국문화원연합회
7248,조선 후기 꿈꾸던 사회가 담긴 태평성시도,"국립중앙박물관에는 1미터가 넘는 비단에 그린 8폭짜리 그림이 있다. 작가와 연대를 알 수 있는 기록이 존재하지 않지만 우리는 이 그림을 “태평성시도”라고 부른다. 몇 가지 단서를 통해 조선 후기 그림일 것이라고 추측만 할 따름이다. 그림 속에 등장하는 갖가지 상점과 그곳에서 일하는 상인들의 모습은 무엇을, 왜, 어떻게 그리게 되었는지 정확히 알 수 없지만 문자등으로 밝힌 ‘태평’을 통해 당대 태평한 도시를 꿈꾸었다는 것을 짐작할 수 있다.",서울특별시,용산구,그림으로 보는 한국의 전통시장,시장을 그린 작품,서울시문화원연합회,"풍경화, 조선시대 시장, 조선시대 시장 거래방식","조선후기, 상업, 국립중앙박물관, 회화, 태평성시도",https://minio.nculture.org/amsweb-opt/multimedia_assets/197/85121/84502/c/%ED%83%9C%ED%8F%89%EC%84%B1%EC%8B%9C%EB%8F%84_%EC%8B%9C%EC%9E%A5-%ED%92%8D%EA%B2%BD_e%EB%AE%A4%EC%A7%80%EC%97%84_%EC%A0%9C1%EC%9C%A0%ED%98%95-thumb.jpg,서울특별시 용산구 서빙고로 137,37.5247022357875,126.977740246542,2021.0,국립중앙박물관,1,https://ncms.nculture.org/market/story/7248,서울시문화원연합회
7854,역사풍속화가 혜촌 김학수의 칠패시와 경동상회,혜촌 김학수는 역사풍속화를 그렸다. 김학수는 작품을 위해서 직접 현장을 답사하고 관련된 문헌자료를 찾아 연구하며 고증을 통해 경관과 역사를 작품에 모두 담고자 했다. 그는 그림을 통해 역사를 전하고자 했다. 김학수는 시장을 소재로 한 작품도 다수 남겼다. 김학수는 조선시대부터 현대까지 시장에 모인 다양한 사람들이 보여주는 활기와 시장의 모습을 수묵필치와 현실감있는 담채로 화폭에 담았다.,서울특별시,동대문구,그림으로 보는 한국의 전통시장,시장을 그린 작품,서울시문화원연합회,"풍속화, 시장 생활 모습, 풍속화가","남대문시장, 경동시장, 역사풍속화, 혜촌김혜수, 칠패시",https://minio.nculture.org/amsweb-opt/multimedia_assets/200/85125/84512/c/%ED%98%9C%EC%B4%8C-%EA%B9%80%ED%95%99%EC%88%98_%EC%88%AD%EB%A1%80%EB%AC%B8%EB%B0%96%EC%98%9B%EC%B9%A0%ED%8C%A8%EC%8B%9C_%EA%B9%80%ED%95%99%EC%88%98%EA%B8%B0%EB%85%90%EB%B0%95%EB%AC%BC%EA%B4%80-thumb.jpg,서울특별시 동대문구 고산자로36길 3 경동시장,37.5790377655561,127.039142935818,2021.0,김학수기념박물관,3,https://ncms.nculture.org/market/story/7854,서울시문화원연합회
7729,조선 후기 도시의 상업활동상을 볼 수 있는  경기감영도(京畿監營圖) 병풍,"경기감영이란 지금의 경기도청과 같은 역할을 담당하던 조선시대 관청이다. <경기감영도>는 조선 후기 돈의문 밖에 위치했던 경기감영과 그 주변 반송방(盤松坊) 지역의 모습을 그린 작품으로, 전체 12폭 병풍으로 이뤄진 작품이다. 작가는 밝혀지지 않았지만 작품 속 건물인 천연정이 1741년(영조17)에 지어졌기 때문에 제작 시기는 그 이후로 추정되고 있다. 경기감영을 비롯해 근처에 위치한 주택, 쌀가게와 약국 등 상업 활동을 하는 건축물과 백성들의 모습이 비교적 상세하게 묘사돼 있어 조선 후기 도시의 생활상을 엿볼 수 있는 중요한 참고자료가 되고 있다.",서울특별시,용산구,그림으로 보는 한국의 전통시장,시장을 그린 작품,서울시문화원연합회,"조선시대 풍속, 조선시대 시장, 조선시대 시장 거래방식","경제, 조선후기, 상업, 파노라마식 기법, 반송방(盤松坊)",https://minio.nculture.org/amsweb-opt/multimedia_assets/183/85105/84469/c/%EA%B2%BD%EA%B8%B0%EA%B0%90%EC%98%81%EB%8F%84-%EB%B3%91%ED%92%8D_%EA%B2%BD%EA%B8%B0%EA%B0%90%EC%98%81%EB%8F%84-%EB%B3%91%ED%92%8D_%EB%AC%B8%ED%99%94%EC%9E%AC%EC%B2%AD_%EC%A0%9C1%EC%9C%A0%ED%98%95-thumb.jpg,한남동 742-19 (삼성미술관),37.5380474404643,126.999336731955,2021.0,문화재청,1,https://ncms.nculture.org/market/story/7729,서울시문화원연합회
7988,동대문 평화시장과 한국의 노동운동,"동대문 평화시장은 한때 의류생산의 본거지였다. 지금은 중국이나 동남아시아지역 등에 공장을 세우고 옷을 만들지만 도매시장에서 옷을 직접 만들어 팔았던 시절이 있었다. 평화시장의 가게들도 판매와 생산을 동시에 했고,  한국 의류산업 발전의 기틀을 닦았다. 하지만 이곳의 노동환경은 그리 좋지 못했다. 빛도 안 들고, 공기도 안 통하는 비좁은 공장에서 적은 돈을 받고 오랜 시간동안 일했다. 옷을 만들면 만들수록 몸은 병들어갔다. 이러한 환경은 노동자들로 하여금 사회의식을 갖게 하였고, 한국사회의 노동운동으로 이어지게 되었다.",서울특별시,중구,한국 시장의 형성과 변화,현대사의 무대였던 전통시장,"서울시문화원연합회, 동대문문화원, 종로문화원","역사여행, 노동운동, 서울 전통시장","평화시장, 전태일, 노동운동, 창신동",https://minio.nculture.org/amsweb-opt/multimedia_assets/206/85133/84529/c/%EC%84%9C%EC%9A%B8-%ED%8F%89%ED%99%94%EC%8B%9C%EC%9E%A5_%EC%A0%84%EA%B2%BD_%EB%8C%80%ED%95%9C%EB%AF%BC%EA%B5%AD%EC%97%AD%EC%82%AC%EB%B0%95%EB%AC%BC%EA%B4%80-%ED%98%84%EB%8C%80%EC%82%AC%EC%95%84%EC%B9%B4%EC%9D%B4%EB%B8%8C_%EC%A0%9C1%EC%9C%A0%ED%98%95-thumb.jpg,서울특별시 중구 을지로6가 17-48,37.5694658633639,127.008085374679,2021.0,대한민국역사박물관 현대사아카이브,1,https://ncms.nculture.org/market/story/7988,서울시문화원연합회
9727,선사 시대 캐릭터가 반겨주는 서울 암사종합시장,"서울특별시 강동구 암사동에는 암사종합시장이 있다. 암사동은 신라 시대 '바위절이 있던 곳'이라는 의미에서 명칭이 유래되었다. 암사종합시장은 1970년대 형성된 전통시장으로 현재는 시설 정비 사업이 이루어져 쾌적한 쇼핑 환경을 갖추고 있다. 선사 시대 캐릭터를 개발해 시장의 마스코트로 활용하고 있다. 다양한 품목을 취급하며 배송센터에서 배송 서비스도 받아볼 수 있다. 주변에 강풀 만화거리와 일자산 허브천문공원이 있어, 시장과 함께 둘러볼 만하다.",서울특별시,강동구,한국의 지역별 대표 상설시장과 오일장,"서울, 인천, 경기도의 대표 상설시장과 오일장",강동문화원,"서울 전통시장, 서울 가볼만한곳","암사동, 암사역, 암사종합시장, 선사주거지, 강풀 만화거리, 일자산허브천문공원",https://minio.nculture.org/amsweb-opt/multimedia_assets/43/97398/108493/c/서울-암사종합시장_암사종합시장-간판-(1)_rev-thumb.jpg,서울특별시 강동구 암사동 501-17,,,2022.0,한국문화원연합회,1,https://ncms.nculture.org/market/story/9727,강동문화원
8400,강북 전통시장의 5대 메카였던 수유시장,"강북구 수유동에 위치한 수유시장은 1966년 설립되었다. 역사는 길지 않지만 한때 강북 지역 최대 규모를 자랑했던 전통시장이었다. 1990년대 강북지역에서 대규모 주택단지로 개발되는 지역이 많아지고, 2000년대 대형마트 및 인터넷 쇼핑의 등장으로 유통환경이 변하면서 수유시장이 축소되기 전까지는 말이다. 수유시장은 변해버린 환경에 대응하며 시장을 일으켰다. 시설을 정비하고, 주변 시장과 연합하여 시장을 재생시키고자 노력했다. 이런 노력으로 서울특별시의 우수시장에 선정되는 등 결실을 맺고 있다.",서울특별시,강북구,한국의 지역별 대표 상설시장과 오일장,"서울, 인천, 경기도의 대표 상설시장과 오일장",강북문화원,"서울 전통시장, 시장 생활 모습, 서울 가볼만한곳","강북구, 수유리, 수유전통시장, 수유재래시장",,,,,,,0,https://ncms.nculture.org/market/story/8400,강북문화원
9384,시장의 인정을 느낄 수 있는 서울 신원시장,"서울특별시 관악구 신림동에는 신원시장이라는 전통시장이 있다. 지하철 2호선 신림역과 가까워 대중교통의 이용이 편리하다. 신원시장은 도림천 주변에 늘어서 있던 노점들로 시작해 현재에 이르게 되었다. 현대화 사업을 통하여 시장 환경이 개선되어 쾌적한 쇼핑이 가능하다. 육회나 탕수육 등 유명한 먹거리가 많으며, 낙성대공원과 서울시립 남서울미술관 등 주변에 함께 둘러볼 만한 곳도 많다.",서울특별시,관악구,한국의 지역별 대표 상설시장과 오일장,"서울, 인천, 경기도의 대표 상설시장과 오일장",관악문화원,"시장음식, 서울 전통시장, 서울 가볼만한곳, 예능프로그램과 시장","신원시장, 신림역, 육회 비빔라면, 도림천, 놀라운 토요일",https://minio.nculture.org/amsweb-opt/multimedia_assets/45/97400/108511/c/서울-신원시장_신원시장-내부-(1)_rev-thumb.jpg,서울특별시 관악구 신림동 1587-39,,,2022.0,한국문화원연합회,1,https://ncms.nculture.org/market/story/9384,관악문화원
9649,"구로공단과 중국 문화를 품은 상업의 중심, 서울 가리봉시장",서울특별시 구로구 가리봉동에는 가리봉시장이 있다. 가리봉시장은 구로공단의 근로자들의 소비처로 활성화되었던 시장이다. 구로공단의 쇠퇴로 위기를 겪기도 했지만 최근 현대화 사업을 진행해 새단장하여 깔끔하고 쾌적한 분위기에서 쇼핑을 즐길 수 있다. 중국인들의 왕래가 많아 다른 시장들에 비해 중국 식품과 관련된 상점이 많다. 가리봉시장에서는 서울 속의 작은 중국을 체험해 볼 수 있다.,서울특별시,구로구,한국의 지역별 대표 상설시장과 오일장,"서울, 인천, 경기도의 대표 상설시장과 오일장",구로문화원,"서울미래유산, 서울 전통시장, 서울 가볼만한곳","가리봉동, 가리봉시장, 가산디지털단지역, 구로공단",https://minio.nculture.org/amsweb-opt/multimedia_assets/47/97402/108527/c/서울-가리봉시장_가는길_rev-thumb.jpg,서울특별시 구로구 가리봉동 123-53,,,2022.0,한국문화원연합회,1,https://ncms.nculture.org/market/story/9649,구로문화원
9654,한국과 중국이 조화롭게 어우러진 서울 남구로시장,"서울특별시 구로구 구로동에는 남구로시장이라는 전통시장이 있다. 1970년대 구로공단이 들어서면서 구로시장이 생겨났다. 그 안으로 들어가지 못한 상인들이 주변에 노점을 운영한 것이 남구로시장의 시작이다. 2010년대 접어들면서 현대화 시설로 정비하였고, <견우와 직녀> 이야기에서 착안한 테마 거리를 조성하였다. 남구로시장은 중국인 고객이 주를 이루고 중국인 상인도 많기에 중국과 관련된 상점이 많다. 우리나라와 중국이 어우러진 독특한 풍경을 마주할 수 있는 시장이다.",서울특별시,구로구,한국의 지역별 대표 상설시장과 오일장,"서울, 인천, 경기도의 대표 상설시장과 오일장",구로문화원,"서울미래유산, 서울 전통시장, 서울 가볼만한곳","구로공단, 구로동, 남구로시장, 구로시장, 남구로역",https://minio.nculture.org/amsweb-opt/multimedia_assets/48/97403/108538/c/서울-남구로시장_구로시장_내부_패션타운-(1)_rev-thumb.jpg,서울특별시 구로구 구로동 741-27,,,2022.0,한국문화원연합회,1,https://ncms.nculture.org/market/story/9654,구로문화원
9652,전통 저잣거리의 분위기를 자아내는 서울 고척근린시장,"서울특별시 구로구 고척2동에는 고척근린시장이라는 전통시장이 있다. 고척동은 기다란 자로 물건을 측정해 교환했던 곳이라는 의미에서 지명이 유래했다는 설이 전한다. 고척근린시장은 최근 기왓장이나 청사초롱으로 시장 내부를 꾸미고 척순이와 척돌이 캐릭터를 개발하는 등 전통 저잣거리의 분위기를 물씬 자아내며 성업 중이다. 고척근린시장에서 도보로 이동해도 될 만큼 가까운 거리에는 고척근린공원이 있다. 체육 시설 및 도서관, 야외무대 등이 있어 다양한 체험을 즐길 수 있다.",서울특별시,구로구,한국의 지역별 대표 상설시장과 오일장,"서울, 인천, 경기도의 대표 상설시장과 오일장",구로문화원,"서울 전통시장, 서울 가볼만한곳","고척동, 고척근린시장, 고척근린공원",https://minio.nculture.org/amsweb-opt/multimedia_assets/49/97404/108553/c/서울-고척근린시장_내부-(1)_rev-thumb.jpg,서울특별시 구로구 고척동 253-122,,,2022.0,한국문화원연합회,1,https://ncms.nculture.org/market/story/9652,구로문화원
9287,"별처럼 빛나는 문화 체험의 공간, 서울 별빛남문시장","서울특별시 금천구 독산동에는 별빛남문시장이라는 전통시장이 있다. 2019년 2월, 문성동의 별빛에 착안하여 ‘별빛남문시장’으로 명칭을 공식적으로 변경하였다. ‘벼리’라는 캐릭터를 개발해 ‘벼리빵’을 생산하여 판매하고 있으며, 수요세일즈데이를 운영하여 대폭 할인 이벤트 행사를 개최하고 있다. 이외에도 다양한 문화 체험 프로그램을 진행하여 시장의 기능을 넘어 지역 주민의 문화 공간으로 역할을 톡톡히 하고 있다. 주변에는 감로천생태공원, 호압사 등 함께 둘러볼 만한 곳도 많다.",서울특별시,금천구,한국의 지역별 대표 상설시장과 오일장,"서울, 인천, 경기도의 대표 상설시장과 오일장",금천문화원,"서울 전통시장, 서울 가볼만한곳, 서울 재래시장","별빛남문시장, 벼리, 벼리빵",https://minio.nculture.org/amsweb-opt/multimedia_assets/46/97401/108518/c/서울-별빛남문시장_별빛남문시장-간판-(1)_rev-thumb.jpg,서울특별시 금천구 독산동 997-25,,,2022.0,한국문화원연합회,1,https://ncms.nculture.org/market/story/9287,금천문화원
9286,도깨비 캐릭터가 반겨주는 서울 방학동도깨비시장,"서울특별시 도봉구 방학동에는 방학동도깨비시장이라는 전통시장이 있다. 길거리에서 물건을 팔던 할머니들이 구청 단속반에게 쫓겨났다가 다시 나타나기를 반복하였는데, 이러한 광경이 마치 도깨비와 같아서 도깨비시장이라는 명칭이 생겨났다고 한다. 도깨비 포토존이 마련되어 있으며 점포의 간판마다 도깨비 모형을 걸어놓는 등 도깨비 캐릭터를 시장 홍보에 적극적으로 활용하고 있다. 특화상품인 울금을 활용한 다양한 품목을 판매하고 있으며, 버려진 목재로 새로운 물건을 만드는 도깨비방이라는 문화 공간도 있다. 주변에 서울창포원, 둘리뮤지엄 등 둘러볼 만한 명소도 많다.",서울특별시,도봉구,한국의 지역별 대표 상설시장과 오일장,"서울, 인천, 경기도의 대표 상설시장과 오일장",도봉문화원,"서울 전통시장, 서울 가볼만한곳, 서울 재래시장","도깨비, 방학동도깨비시장, 울금",https://minio.nculture.org/amsweb-opt/multimedia_assets/38/97393/108431/c/서울-방학동도깨비-시장_내부-(1)_rev-thumb.jpg,서울특별시 도봉구 방학동 727-6,,,2022.0,한국문화원연합회,1,https://ncms.nculture.org/market/story/9286,도봉문화원
9728,"시장과 쇼핑몰이 조화를 이룬 새로운 창고, 서울 신창시장","서울특별시 도봉구 창동에는 신창시장이라는 전통시장이 있다. 조선 시대 이 지역에 양곡 창고가 있었기 때문에 창동이라는 명칭이 유래하였다. 신창시장은 도봉구 창동의 중심 상업지로서 역할을 해왔으나 1990년대 초반 대형 마트가 인근에 입점되면서 위기를 겪기도 하였다. 2000년대 이후 현대화 사업을 통해 여러 시설이 정비되고 개선되면서 쾌적한 쇼핑 환경을 갖추게 되었고 상인들이 상권 활성화를 위하여 꾸준히 노력하고 있다. 신창시장은 주로 농수산품을 취급하며, 시장 내에 있는 삼익쇼핑에서는 주로 공산품을 취급한다. 시장과 쇼핑몰이 조화를 이루며 성업 중이다.",서울특별시,도봉구,한국의 지역별 대표 상설시장과 오일장,"서울, 인천, 경기도의 대표 상설시장과 오일장",도봉문화원,"서울 전통시장, 서울 가볼만한곳","창동, 신창시장, 삼익쇼핑",https://minio.nculture.org/amsweb-opt/multimedia_assets/39/97394/108447/c/서울-창동신창시장_신창시장-외관-(1)_rev-thumb.jpg,서울특별시 도봉구 창동 445-20,,,2022.0,한국문화원연합회,1,https://ncms.nculture.org/market/story/9728,도봉문화원
3247,한약재의 집산지 경동시장,"서울특별시 제기동과 용두동 일대에는 한약재를 전문적으로 취급하는 상설시장인 '경동시장'이 있다. 원래 농산물과 임산물을 판매했지만, 1960년대 후반 을지로와 종로에 있던 상인들이 이주하면 한국을 대표하는 약재시장이 되었다. 또한 경동시장은 '서울약령시 한방축제 개최'를 통해 시장의 활성화를 위해 노력하고, 2017년 10월 서울한방진흥센터를 개관하면서 새로운 도약을 시도하고 있다.",서울특별시,동대문구,한국의 지역별 대표 상설시장과 오일장,"서울, 인천, 경기도의 대표 상설시장과 오일장",동대문문화원,"한방, 약초, 서울 전통시장, 예능프로그램과 시장","한방문화축제, 한약재, 제기동, 경동시장, 서울한방진흥센터, 놀라운 토요일",https://minio.nculture.org/amsweb-opt/multimedia_assets/51/25235/21161/c/25235-thumb.jpg,,,,2018.0,한국문화원연합회,4,https://ncms.nculture.org/market/story/3247,동대문문화원
3400,내륙 최대의 수산물 도매시장인 노량진수산시장,"노량진수산시장은 우리나라에서 최초로 만들어진 수산물 전문 도매시장이다. 1927년 서울역 인근에 개설되었다가 1971년 현재의 위치로 이전하였고, 1980년대 중반까지 수산물 도매시장의 중추적인 역할을 담당하였다. 가락시장의 개장과 시설의 노후화 문제로 위축되었지만, 다시 노량진수산시장을 활성화하기 위해 현재화 사업을 진행하였다. 현재는 서울을 찾는 많은 내・외국인 관광객들이 방문하는 시장 중 하나이다.",서울특별시,동작구,한국의 지역별 대표 상설시장과 오일장,"서울, 인천, 경기도의 대표 상설시장과 오일장",동작문화원,"노량진, 서울미래유산, 서울 전통시장, 수산시장","수산물, 노량진, 도매시장, 수산시장, 바다를 담은 공원, 도심속 바다축제",https://minio.nculture.org/amsweb-opt/multimedia_assets/118/28927/8843/c/28927-thumb.jpg,,,,2018.0,한국문화원연합회,4,https://ncms.nculture.org/market/story/3400,동작문화원
9650,"다양한 먹거리의 천국, 서울 망원시장","서울특별시 마포구 망원동에는 망원시장이라는 전통시장이 있다. 망원동은 ‘먼 경치도 잘 본다’라는 의미의 망원정이 있어 이름이 유래되었다고 한다. 최근 망원시장은 미식 여행의 코스가 되어 다양한 먹거리를 맛보기 위해 몰려든 방문객으로 북새통을 이룬다. 쾌적한 환경과 다양한 편의시설로 편리하게 시장을 이용할 수 있다. 망원한강공원은 산책을 즐길 수 있는 쉼터이면서도 노을과 야경이 멋진 곳으로, 망원시장과 함께 들러볼 만하다.",서울특별시,마포구,한국의 지역별 대표 상설시장과 오일장,"서울, 인천, 경기도의 대표 상설시장과 오일장",마포문화원,"서울 전통시장, 서울 가볼만한곳, 예능프로그램과 시장","망원한강공원, 망원동, 망원시장, 망원역, 마포구청역, 서울함공원, 놀라운 토요일",https://minio.nculture.org/amsweb-opt/multimedia_assets/34/97389/108374/c/서울-망원시장_내부-(1)_rev-thumb.jpg,서울특별시 마포구 망원동 411-2,,,2022.0,한국문화원연합회,1,https://ncms.nculture.org/market/story/9650,마포문화원
7161,지금은 볼 수 없는 김장시장의 풍경,"김장은 한국의 오랜 전통이었다. 긴 겨울 동안 먹을 김치를 담가 이웃과 나눠 먹는 즐거움도 컸다. 김장날은 육체적으로 고된 날이기도 하지만 가족이나 이웃과 함께 김장을 하고 참을나눠 먹는 즐거운 날이기도 했다. 다른 한편 김장날은 농민들의 한 해 대목이기도 했다. 1946년 서울시는 전국 도처에서 몰려드는 김장 채소 상인들이 펼친 난장을 정리하고자 김장시장을 열었다. 김장시장은 1970년대까지 계속되다가 신청자를 받아 여는 형태로 변화되었으며, 이후 농협, 상설시장, 대형마트 등으로 다양화되었다. 2000년대 이후 김장의 규모가 축소되면서 산더미러처럼 배추를 쌓아두고 파는 김장시장의 모습은 사라졌다.",서울특별시,중구,기록으로 보는 한국의 전통시장,사진이 남긴 전통시장의 풍경,"서대문문화원, 용산문화원","김치, 서울 전통시장, 서울 가볼만한곳","서울, 김치, 용산, 김장, 북아현동",https://minio.nculture.org/amsweb-opt/multimedia_assets/219/113013/159930/c/김장시장_김장담그기-행사_e영상역사관_제4유형-thumb.jpg,서울특별시 중구 남대문시장4길 21,37.5591863609004,126.977653709273,2023.0,한국정책방송원,1,https://ncms.nculture.org/market/story/7161,서대문문화원
7732,드라마에서 단골 출연한 포방터시장,"홍제천이 흐르는 조용한 동네, 홍은동 골목에 위치한 포방터시장. 한때 이곳이 전쟁을 준비하고 대비하던 곳이었다는 것이 어색할 정도로 아기자기한 느낌을 준다. 변해버린 서울에서 시간이 천천히 흐르는 경관 덕분에 홍제동 포방터시장은 드라마에 단골 출연한 곳이기도 하다. 크고 화려하지 않지만 포방터시장을 텔레비전 드라마에서 보며 왠지 모르게 정감을 느끼는 이유는 시장과 동네 모습이 우리가 살아온 과거 추억을 보여주기 때문인 듯하다.",서울특별시,서대문구,드라마와 영화 속 한국의 전통시장,드라마 속 전통시장,서대문문화원,"드라마 촬영지, 예능프로그램 촬영지, 서울 맛집","포방터, 홍은동, 서대문구, 골목형시장, 백종원의 골목식당",https://minio.nculture.org/amsweb-opt/multimedia_assets/104/97980/117021/c/서울-포방터시장_포방터시장-(1)_rev-thumb.jpg,서울특별시 서대문구 홍은동 9-123 (포방터시장),,,2022.0,한국문화원연합회,1,https://ncms.nculture.org/market/story/7732,서대문문화원
9651,독립문의 역사와 문화를 품은 서울 독립문영천시장,"서울특별시 서대문구 영천동에는 독립문영천시장이라는 전통시장이 있다. 영천동의 영천은 ‘신기한 약효가 있는 샘’이란 의미이다. 독립문영천시장은 조선시대 영천장에서 유래된 시장이다. 1970년대 복개 공사가 진행되면서 지금의 위치에 자리 잡게 되었고 2010년대 이후 독립문영천시장이라 불리게 되었다. 서대문형무소와 관련하여 독립문영천시장의 떡과 과일이 많이 공급되었다고 한다. 현재는 떡볶이와 꽈배기 등 다양한 먹거리가 유명하다. 인근의 독립문과 독립공원, 서대문형무소 역사관을 함께 둘러볼 만하다.",서울특별시,서대문구,한국의 지역별 대표 상설시장과 오일장,"서울, 인천, 경기도의 대표 상설시장과 오일장",서대문문화원,"서울미래유산, 서울 전통시장, 서울 가볼만한곳","영천동, 독립문영천시장, 독립문역, 독립문, 서대문형무소 역사관",https://minio.nculture.org/amsweb-opt/multimedia_assets/33/97388/108369/c/서울-독립문영천시장_내부-(1)_rev-thumb.jpg,서울특별시 서대문구 영천동 323,,,2022.0,한국문화원연합회,1,https://ncms.nculture.org/market/story/9651,서대문문화원
9726,"꽃내음 가득한 우리나라 최대 규모의 화훼시장, 서울 양재동화훼공판장","서울특별시 서초구 양재동에는 양재동화훼공판장이 있다. 정식 명칭은 한국농수산식품유통공사 화훼공판장이며, 양재꽃시장이라 불리기도 한다. 우리나라에서 가장 큰 규모의 화훼시장이다. 필요 상황에 따라 작은 모종에서부터 꽃다발, 화분, 인테리어 용품까지 꽃과 식물에 관련한 여러 물품들을 한 곳에서 구매할 수 있다. 양재동화훼공판장 가까이에는 양재시민의숲이 있어 산책 코스로 좋다. 양재시민의숲 안에는 매헌윤봉길의사기념관도 있어 윤봉길 의사의 숭고한 독립정신을 되새겨볼 수 있다.",서울특별시,서초구,한국의 지역별 대표 상설시장과 오일장,"서울, 인천, 경기도의 대표 상설시장과 오일장",서초문화원,"서울미래유산, 서울 전통시장, 서울 가볼만한곳","양재동, 양재시민의숲역, 양재동화훼공판장, 양재시민의숲, 매헌윤봉길의사기념관",https://minio.nculture.org/amsweb-opt/multimedia_assets/32/97387/108354/c/서울-양재동화훼공판장_내부-(1)_rev-thumb.jpg,서울특별시 서초구 양재동 232,,,2022.0,한국문화원연합회,1,https://ncms.nculture.org/market/story/9726,서초문화원
9653,청춘의 활기가 느껴지는 서울 뚝도청춘시장,"서울특별시 성동구 성수로2가에는 뚝도청춘시장이라는 전통시장이 있다. 뚝도는 임금의 행차를 의미하는 둑기를 세웠던 섬이란 의미이다. 뚝도청춘시장은 처음에 뚝도시장이라 불렸다. 과거 서울의 3대 시장이라 꼽힐 만큼 대형 시장이었으나 쇠퇴의 길을 걷다가, 최근 청년 상인들의 유입으로 활기를 띠고 있다. 시장의 명칭도 뚝도청춘시장이라 바뀌었으며 그만큼 청년들의 개성 넘치는 점포가 많다. 뚝도청춘시장은 전통시장 안에서 새롭고 젊은 분위기가 조화롭게 느껴지는 시장으로 다양한 볼거리와 먹거리를 즐길 수 있다.",서울특별시,구로구,한국의 지역별 대표 상설시장과 오일장,"서울, 인천, 경기도의 대표 상설시장과 오일장",성동문화원,"서울 전통시장, 서울 가볼만한곳","성수동, 뚝섬, 뚝도청춘시장, 성수역, 국말이떡",https://minio.nculture.org/amsweb-opt/multimedia_assets/42/97397/108480/c/서울-뚝도시장_뚝도시장-내부-(1)_rev-thumb.jpg,서울특별시 성동구 성수동2가 335-64,,,2022.0,한국문화원연합회,1,https://ncms.nculture.org/market/story/9653,성동문화원
3489,보부상 출신으로 알려진 조선 후기 관리 이용익,"조선 후기 보부상은 일본에 맞서서 일본 제일은행권의 유통을 저지하는 일에도 조직적으로 나섰는데, 그 배후에는 보부상 출신의 이용익(李容翊)이 있었다고 한다. 이용익은 1854년 함경북도 명천군에서 출생하였다. 그는 보부상으로 행상하여 자금을 모았으며, 고종의 신임을 얻어 군부대신, 탁지부대신에 임명되어 군사와 재정을 장악하는 위치에까지 오른다.",서울특별시,성북구,한국 시장의 구성과 운영,전통시장 판매 물품과 장인,성북문화원,보부상,"광산, 보부상, 이용익, 보성전문학교, 화폐개혁, 백동화, 고려대학교",https://minio.nculture.org/amsweb-opt/multimedia_assets/105/25444/10642/c/25444-thumb.jpg,,,,2018.0,국립민속박물관,2,https://ncms.nculture.org/market/story/3489,성북문화원
7613,일상에서 마주한 여성 상인들을 따뜻하게 그려낸 박래현,박래현의 그림에는 장터를 오가는 여성들이 등장한다. 오로지 여성만을 등장시켜서 주체적인 여성상을 표현하고 있다. 한국전쟁 후 가난했던 시절 많은 여성들은 가정의 생계를 위해 일을 해야만 했다. 박래현은 당시 여성들이 삶을 위해 고군분투했던 일상의 장면을 따뜻하고 부드러운 색으로 그려낸다. 가사노동과 육아에 생계까지 나설 수밖에 없었던 그 시절 여성들에게 보내는 동지애가 아니었을까?,서울특별시,성북구,그림으로 보는 한국의 전통시장,상인을 그린 작가,성북문화원,"한국전쟁, 화가, 근현대 시장 풍경","시장상인, 동양화, 박래현, 여성상인",,,,,,,0,https://ncms.nculture.org/market/story/7613,성북문화원
3472,나루터를 중심으로 열리던 송파장,"'송파장'은 현재 서울특별시 송파구 석촌 호수 일대에서 열리던 오일장이었다. 원래는 오일장이었으나, 매일 장을 찾는 사람들로 붐비면서 점점 상설 시장화가 되었다. 또한 송파장은 지리적 이점으로 '전국 15대 시장' 한 곳으로 불릴 만큼 한양 인근에 개설되는 향시 중 가장 큰 장이기도 했다.",서울특별시,송파구,한국의 지역별 대표 상설시장과 오일장,"서울, 인천, 경기도의 대표 상설시장과 오일장",송파문화원,"송파, 서울 전통시장, 지역시장 향시","송파장, 석촌호수, 송파나루, 삼전도, 을축년 대홍수",https://minio.nculture.org/amsweb-opt/multimedia_assets/166/111415/150198/c/송파장_을축년-대흥수가-지나간-송파지역_서울역사박물관_제1유형-thumb.jpg,서울특별시 종로구 새문안로 55,37.5704968494713,126.97107522045,2023.0,서울역사박물관,1,https://ncms.nculture.org/market/story/3472,송파문화원
3250,농수산물 유통 근대화를 위해 만들어진 가락시장,가락시장은 전국에서 가장 규모가 큰 농수산물 도매시장으로 농수산물의 유통 근대화를 위해 만들어졌다. 1986년 6월 개장 이후 끊임없이 성장하여 전국 공영도매시장 물량의 약 35%를 처리하는 대형 시장이 되었다. 2009년부터 시설현대화 사업을 진행하고 있다.,서울특별시,송파구,한국의 지역별 대표 상설시장과 오일장,"서울, 인천, 경기도의 대표 상설시장과 오일장",송파문화원,"송파, 도매시장, 서울 전통시장, 드라마 촬영지","가락동, 가락시장, 농수산물 도매시장, 가락몰, 드라마 <일타스캔들>",https://minio.nculture.org/amsweb-opt/multimedia_assets/116/28901/8817/c/28901-thumb.jpg,,,,2018.0,한국문화원연합회,11,https://ncms.nculture.org/market/story/3250,송파문화원
7243,"도매시장 중심의 유통 체계 개선, 가락시장 설립","국내최대 농수산물 도매시장인 가락시장. 이곳에는 매일 전국에서 농수산물이 모인다. 365일 24시간 영업하는 가락시장은 전세계에서 가장 많은 거래량을 자랑한다. 가락시장은 1985년 6월 시작하여 올해로 36년의 역사가 흘렀다. 손가락과 수기로 하던 경매는 전자시스템으로 바뀐지 오래고, 2015년 가락몰로 재단장하여 시장의 모습은 바뀌었지만, 늘 바삐 움직이는 상인들과 이곳에서 거래되는 농수산물은 예나 지금이나 변화가 없다.",서울특별시,송파구,기록으로 보는 한국의 전통시장,사진이 남긴 전통시장의 풍경,"서울시문화원연합회, 송파문화원","도매시장, 서울 전통시장, 수산시장, 드라마 촬영지","가락동, 도매시장, 가락시장, 농수산물 도매시장, 드라마 <일타스캔들>",https://minio.nculture.org/amsweb-opt/multimedia_assets/103/97979/116950/c/서울-가락시장_가락시장-내부-(1)_rev-thumb.jpg,서울특별시 송파구 양재대로 932,,,2022.0,한국문화원연합회,1,https://ncms.nculture.org/market/story/7243,송파문화원
9729,"야구장과 호수공원 나들이객의 먹거리 천국, 서울 잠실새마을전통시장","서울특별시 송파구 잠실동에는 잠실새마을전통시장이 있다. 1970년대 형성된 전통시장으로, 최근 현대화 사업이 진행되어 쾌적하고 안전한 환경에서 쇼핑을 즐길 수 있다. 또한 온라인 주문을 통한 배달 서비스도 진행하고 있어 고객에게 편의를 제공하고 있다. 시장 주변에 잠실야구장과 석촌호수가 있어 경기를 관람하고 나들이를 하며 먹을 간식을 찾는 사람들로 붐빈다. 이 밖에도 롯데월드와 서울스카이 등 가볼 만한 명소가 많다.",서울특별시,송파구,한국의 지역별 대표 상설시장과 오일장,"서울, 인천, 경기도의 대표 상설시장과 오일장",송파문화원,"서울 전통시장, 서울 가볼만한곳","석촌호수, 잠실동, 잠실새마을전통시장, 잠실야구장, 서울스카이",https://minio.nculture.org/amsweb-opt/multimedia_assets/44/97399/108504/c/서울-새마을전통시장_내부-(1)_rev-thumb.jpg,서을특별시 송파구 잠실동 205-15,,,2022.0,한국문화원연합회,1,https://ncms.nculture.org/market/story/9729,송파문화원
3429,우리나라 최초의 유통전문가 경강상인,"'경강(京江)' 이란 한강 중에서 한성부가 관할하는 광나루부터 양화진까지의 물줄기를 말한다. 조선 후기 경강 지역을 근거로 하여 대동미 운수업 및 각종 상업 활동에 종사했던 상인을 ‘경강상인’이라고 부른다. 경강상인의 중심세력은 위탁매매를 주 업무로 삼는 객주였다. 숙박, 창고, 금융 등의 여러 가지 편의를 제공해 주었다. 그래서 경강상인을 우리나라 최초의 ‘유통전문가’라고도 부른다.",서울특별시,영등포구,한국 시장의 구성과 운영,전통시장 판매 물품과 장인,"마포문화원, 영등포문화원, 용산문화원","객주, 한강, 포구","상인, 객주, 한강, 세곡선, 경강상인, 경강, 강상",,,,,,,0,https://ncms.nculture.org/market/story/3429,용산문화원
7730,드라마 「동백꽃 필 무렵」의 해방촌 신흥시장,"최근 장안의 화제가 되었던 드라마 <동백꽃 필 무렵>. 드라마의 인기만큼 드라마 촬영지였던 포항 구룡포마을도 화제가 되었다. 사실 이 드라마의 촬영지는 구룡포 마을 외에도 여러 곳이다. 서울특별시 용산구의 신흥시장도 중요한 촬영 장소 중 하나이다. 동백의 아들인 필구가 엄마와 만나고, 용식 아저씨를 만나는 오락실이 신흥시장에 있다. 지금은 찾기 어려워진 오락실이 있는 신흥시장은 과거와 현재가 함께 있는 곳이다.",서울특별시,용산구,드라마와 영화 속 한국의 전통시장,드라마 속 전통시장,용산문화원,"한국전쟁, 피난민, 드라마 촬영지","실향민, 용산, 해방촌, 동백꽃 필 무렵, 신흥시장, 월남민",https://minio.nculture.org/amsweb-opt/multimedia_assets/199/85124/84510/c/%ED%95%B4%EB%B0%A9%EC%B4%8C-%EC%8B%A0%ED%9D%A5%EC%8B%9C%EC%9E%A5_%ED%95%B4%EB%B0%A9%EC%B4%8C-%EC%A0%84%EA%B2%BD_%EB%8C%80%ED%95%9C%EB%AF%BC%EA%B5%AD%EC%97%AD%EC%82%AC%EB%B0%95%EB%AC%BC%EA%B4%80-%ED%98%84%EB%8C%80%EC%82%AC%EC%95%84%EC%B9%B4%EC%9D%B4%EB%B8%8C_%EC%A0%9C1%EC%9C%A0%ED%98%95-thumb.jpg,서울특별시 용산구 신흥로 95-9 (해방촌 신흥시장),37.5453237853314,126.985085542346,2021.0,대한민국역사박물관 현대사아카이브,1,https://ncms.nculture.org/market/story/7730,용산문화원
3457,조선시대 배오개장을 계승한 광장시장,"'광장시장'은 1905년 한국인에 의해 만들어진 최초의 상설시장으로 조선후기 종로 지역에 있던 배오개장의 전통을 계승한 시장이다. 주요품목은 직물과 한복 등이며, 먹거리와 구제 상품 등을 중심으로 활성화되어 하루에 6만 5천여 명이 방문하는 한국을 대표하는 대형 종합 시장이다.",서울특별시,종로구,한국의 지역별 대표 상설시장과 오일장,"서울, 인천, 경기도의 대표 상설시장과 오일장",종로문화원,"시장음식, 종로, 서울 전통시장, 김밥, 한양의 3대시장, 예능프로그램 촬영지","광장시장, 배오개장, 상설시장, 동대문시장, 광장패션스쿨, 광장시장 먹거리, 무한도전, 1박2일 시즌4, 놀라운 토요일",https://minio.nculture.org/amsweb-opt/multimedia_assets/137/29182/19959/c/29182-thumb.jpg,,,,2018.0,한국문화원연합회,3,https://ncms.nculture.org/market/story/3457,종로문화원
3326,조선시대의 시장,"조선시대의 시장은 고려 시대와 유사한 형태로 경시와 향시 그리고 국제시장으로 구성되었다. 조선 초기에는 시장이 발전하지 못했지만, 조선 후기에는 상공업을 육성하면서 전기보다 발전했다. 특히 한양의 상권은 육의전이 장악했고, 지방의 향시들은 인구의 증가와 생산력 향상에 힘입어 양적인 면에서 크게 성장하였다. 또한, 국제시장에서는 개성상인을 중심으로 일본 및 중국과의 거래가 활성화되었다.",전국,,한국 시장의 형성과 변화,시대에 따른 시장의 변화,종로문화원,"조선시대 시장, 시장의 역사","조선, 육의전, 국제시장, 난전, 종로시장, 향시, 특수시장, 왜관개시, 중강개시, 책문후시, 북관개시",https://minio.nculture.org/amsweb-opt/multimedia_assets/9/24802/6973/c/24802-thumb.jpg,,,,2018.0,한국문화원연합회,1,https://ncms.nculture.org/market/story/3326,종로문화원
7914,서울시 미래유산으로 지정된 통인시장의 기름떡볶이,떡볶이로 유명한 시장이 있다. 바로 서울특별시 종로구의 통인시장이다. 통인시장의 기름떡볶이는 특별하다. 양념을 바르고 재운 떡을 기름에 볶는 특징이 있다. 한국전쟁 후 북에서 내려온 맹씨 할머니에 의해서 탄생한 기름떡볶이는 자하문로 근처에서 시작해 60년의 역사를 훌쩍 넘겼다. 역사가 긴 만큼 기름떡볶이를 찾는 오래된 단골이 많다. 부모와 자식이 함께 즐기는 기름떡볶이는 이제 외국 관광객들의 입맛도 사로잡았다.,서울특별시,종로구,한국 시장의 구성과 운영,전국적으로 소문 난 시장음식,종로문화원,"서울미래유산, 서울 전통시장, 서울 맛집","떡볶이, 통인시장, 기름떡볶이",,,,,,,0,https://ncms.nculture.org/market/story/7914,종로문화원
8442,"국내 최대 중고 의류 및 물품 판매소, 동묘 벼룩시장","동묘 벼룩시장에는 신기한 보물이 가득하다. 매의 눈으로 찾아보면 일반 의류매장에서 돈을 주고 구매할 수 없는 다양한 물건들을 운좋게 구입할 수 있다. 동묘벼룩시장은 빈티지 의류로, 멋을 좀 안다는 사람들이 즐겨 찾는 곳이며, 각종 수집마니아들이 보물을 낚아채려고 호시탐탐 찾는 곳이다. 언제부턴가 외국인들도 한국을 기념하는 상품을 사기 위해 찾고 있어서 정말 국제적인 명소가 되었다.",서울특별시,종로구,한국의 지역별 대표 상설시장과 오일장,"서울, 인천, 경기도의 대표 상설시장과 오일장",종로문화원,"서울 전통시장, 레트로 여행, 서장 생활 모습","청계천, 벼룩시장, 동묘, 숭인동",,,,,,,0,https://ncms.nculture.org/market/story/8442,종로문화원
3282,국가에서 허가받은 장사꾼 시전상인,"물건을 벌여 놓고 파는 상설 상점을 ‘전(廛)’이라고 한다. 고려시대의 시전은 국가에서 일정한 건물들을 지어 주고, 상인들은 시전 건물들을 빌려서 물건을 팔거나 거래를 하였다. 대신 국가에 일정한 액수의 세금을 지불하거나, 관에서 필요한 물품들을 납품하였다. 조선시대의 시전상인들은 국가로부터 특정 상품에 대한 ‘독점판매권’과 임시로 길가에 벌여 놓고 물건을 판매하는 난전(亂廛)을 금지시킬 수 있는 특권을 가지고 있었다. 그러다가 18세기 후반에 들어서 민간 상공업이 발달하고, 개항 이후 외국 상품이 유입되어 ‘금난전권’은 붕괴가 된다. 따라서 국가로부터 특권을 받았던‘시전상인’ 들도 자취를 감추게 된다.&nbsp;",서울특별시,종로구,한국 시장의 구성과 운영,전통시장 판매 물품과 장인,종로문화원,"금난전권, 종로, 시전상인, 조선시대 시장, 난전상인","시장, 육의전, 금난전권, 종로, 시전, 시전상인",https://minio.nculture.org/amsweb-opt/multimedia_assets/9/24802/6973/c/24802-thumb.jpg,,,,2018.0,한국문화원연합회,1,https://ncms.nculture.org/market/story/3282,종로문화원
3466,서울 미래유산에 등재된 서울풍물시장,"'서울풍물시장'은 서울특별시 동대문구 신설동에 자리하고 있으며, 원래는황학동에 있었던 ‘벼룩시장’에서 유래한 시장이다. 2004년에 동대문운동장으로 이전했다가 동대문운동장이 공원화되면서 현재의 위치로 이전하였고, 공식 명칭을 서울풍물시장으로 변경하였다. 주로 옛 풍물과 일생생활용품, 관광, 토속상품, 민속 먹거리 등을 판매하고 있다. 또한, 서울풍물시장은 2013년에 서울 미래유산으로 등록되었다.",서울특별시,중구,한국의 지역별 대표 상설시장과 오일장,"서울, 인천, 경기도의 대표 상설시장과 오일장","동대문문화원, 서울중구문화원","서울미래유산, 서울 전통시장, 레트로 여행지, 예능프로그램과 시장","도깨비시장, 벼룩시장, 골동품, 서울풍물시장, 고물시장, 만물시장, 개미시장, 마지막시장, 놀라운 토요일",https://minio.nculture.org/amsweb-opt/multimedia_assets/46/27604/12143/c/27604-thumb.jpg,,,,2018.0,한국문화원연합회,8,https://ncms.nculture.org/market/story/3466,서울중구문화원
3437,의류 전문 도매시장 평화시장,"서울특별시 중구에 위치한 평화시장은 대한민국 최대의 의류 전문 도매시장이다. 원래 한국전쟁 때 북에서 내려온 피난민들에 의해 형성되었으며, 1958년 대화재 이후 1961년 3층 규모의 현대식 건물이 만들어지면서 우리나라를 대표하는 의류 전문 도매시장으로 성장하게 되었다.&nbsp;",서울특별시,중구,한국의 지역별 대표 상설시장과 오일장,"서울, 인천, 경기도의 대표 상설시장과 오일장",서울중구문화원,"서울미래유산, 도매시장, 서울 전통시장, 의류","평화시장, 청계천시장, 의류 도매시장, 전태일, 동대문패션타운",https://minio.nculture.org/amsweb-opt/multimedia_assets/53/27652/8244/c/27652-thumb.jpg,,,,2018.0,한국문화원연합회,6,https://ncms.nculture.org/market/story/3437,서울중구문화원
3263,한국 패션의 중심지인 동대문시장,"동대문시장은 조선시대 개설된 '배오개장'의 전통을 잇고 있다. 통상적으로 광장시장부터 신성종합시장 내에 위치한 전통시장과 대형 상가들을 아울러 ‘동대문시장’이라고 말한다. 동대문시장은 패션에 관한 모든 상품을 기획・생산・판매가 이루어지는 종합 패션의류시장이며, 3만 5천 개의 점포에서 15만 명이 종사하고 있다. 또한 하루 평균 40만 명의 사람들이 방문하는 한국을 대표하는 시장이다.",서울특별시,중구,한국의 지역별 대표 상설시장과 오일장,"서울, 인천, 경기도의 대표 상설시장과 오일장",서울중구문화원,"동대문, 서울미래유산, 도매시장, 서울 전통시장, 드라마 촬영지","배오개장, 동대문시장, 동부채장, 동대문패션축제, 드라마 패션왕",https://minio.nculture.org/amsweb-opt/multimedia_assets/53/27652/8244/c/27652-thumb.jpg,,,,2018.0,한국문화원연합회,4,https://ncms.nculture.org/market/story/3263,서울중구문화원
7915,"우리나라 최초의 도매 꽃상가, 남대문시장 대도꽃종합상가","가장 오랜 역사와 가장 큰 규모를 자랑하는 남대문시장에는 없는 게 없다. 지금은 생화 대신 조화를 판매하는 곳이 많지만 한때 남대문시장에는 우리나라 최초의 생화 도매시장이 있었다고 한다. 꽃 도매시장이 언제 어떤 모습으로 있었는지에 대해서 기록은 정확하지 않지만 신문자료를 기반으로 추측해 보면 1967년 5월 남대문시장 인근 골목에 처음으로 상설 도매시장이 열렸고, 이후 1970년대에 들어서 상가 건물에 지역 화훼조합 중심으로 시장이 열렸던 것으로 보인다.",서울특별시,중구,한국 시장의 형성과 변화,시대에 따른 시장의 변화,서울중구문화원,"도매시장, 서울 전통시장, 수산시장","남대문시장, 대도종합상가, 꽃시장, 꽃도매시장",https://minio.nculture.org/amsweb-opt/multimedia_assets/207/85134/96198/c/%EC%84%9C%EC%9A%B8-%EB%82%A8%EB%8C%80%EB%AC%B8%EC%8B%9C%EC%9E%A5_%EC%A0%84%EA%B2%BD_%EB%8C%80%ED%95%9C%EB%AF%BC%EA%B5%AD%EC%97%AD%EC%82%AC%EB%B0%95%EB%AC%BC%EA%B4%80-%ED%98%84%EB%8C%80%EC%82%AC%EC%95%84%EC%B9%B4%EC%9D%B4%EB%B8%8C_%EC%A0%9C1%EC%9C%A0%ED%98%95-thumb.jpg,서울특별시 중구 남대문시장4길 21,37.5591863609004,126.977653709273,2021.0,대한민국역사박물관 현대사아카이브,1,https://ncms.nculture.org/market/story/7915,서울중구문화원
3340,한국을 대표하는 전통시장 남대문시장,"남대문시장은 600년 전통을 자랑하는 대한민국 대표 전통시장이다. 1414년(태종14)에 시전 형태로 개설되었으며, 1608년 난전 형태의 ‘칠패장’이 형성되면서 조선 후기 한양의 3대 시장으로 성장하였다. 남대문시장은 일상생활에 필요한 모든 상품을 구매할 수 있으며, 외국 관광객을 포함하여 하루 40만 명의 사람들이 방문하는 시장이다.",서울특별시,중구,한국의 지역별 대표 상설시장과 오일장,"서울, 인천, 경기도의 대표 상설시장과 오일장","종로문화원, 서울중구문화원","전통시장, 서울미래유산, 서울 전통시장","남대문시장, 칠패장, 도깨비시장, 양키시장, 남대문패션, 칼국수와 갈치조림",https://minio.nculture.org/amsweb-opt/multimedia_assets/138/29185/19947/c/29185-thumb.jpg,,,,1972.0,국가기록원,10,https://ncms.nculture.org/market/story/3340,서울중구문화원
9725,"국내 최대 규모의 건어물 성지, 서울 중부건어물시장","서울특별시 중구 오장동에는 중부건어물시장이 있다. 남대문시장과 동대문시장의 포화 상권을 해소하고자 중부시장이라는 이름으로 1959년 문을 열었다. 일반종합시장으로 시작되었지만 점차 건어물을 취급하는 상인들이 모여들며 건어물 특화 시장으로 자리 잡았고 현재 국내에서 최대 물량을 공급하는 건어물시장으로 위상이 높아졌다. 멸치, 오징어, 김 등 다양한 종류의 건어물을 취급하며, 온라인 구매도 가능하다. 매년 9월에 열리는 건어물맥주축제도 인기를 끌어 많은 이들이 방문하고 있다.",서울특별시,중구,한국의 지역별 대표 상설시장과 오일장,"서울, 인천, 경기도의 대표 상설시장과 오일장",서울중구문화원,"서울 전통시장, 서울 가볼만한곳","오장동, 을지로4가역, 중부건어물시장, 중부시장, 신중부시장, 건어물맥주축제",https://minio.nculture.org/amsweb-opt/multimedia_assets/66/97421/108692/c/서울-중부시장_중부시장-간판-(1)_rev-thumb.jpg,서울특별시 중구 오장동 145-9,,,2022.0,한국문화원연합회,1,https://ncms.nculture.org/market/story/9725,서울중구문화원
7987,혜원 신윤복의 ‘저잣길’,조선 후기의 풍속화가 신윤복은 많은 작품을 남기지는 않았지만 양반의 풍류 세계를 해학적으로 그린 작품을 주로 남겼다. 할아버지와 아버지가 도화서 화원이었기 때문에 어린 시절부터 그림에 입문했을 것으로 보이지만 그의 생애에 대해 많이 알려진 바가 없다. 신윤복의 작품 중 ‘저잣길’에는 시장에 다녀오는 것 같은 두 명의 여성이 등장한다. 어디에서 누구를 그린 작품인지는 알 수 없으나 머리에 인 함지박에 보이는 커다란 생선을 통해서 칠패장에 다녀온 것이 아닐까 추측해 볼 수 있다.,서울특별시,중구,그림으로 보는 한국의 전통시장,상인을 그린 작가,"용산문화원, 서울중구문화원","조선시대 시장, 풍속화가, 교과서속인물","여속도첩, 저잣길, 신윤복필여속도첩, 혜원 신윤복",https://minio.nculture.org/amsweb-opt/multimedia_assets/204/85131/84523/c/혜원-신윤복_저잣길_e뮤지엄_제1유형-thumb.jpg,서울시 용산구 서빙고로 137 국립중앙박물관,37.5247022357875,126.977740246542,2021.0,국립중앙박물관,1,https://ncms.nculture.org/market/story/7987,서울중구문화원
8440,전통시장 상인의 저력을 보여주는 중랑구 우림시장,"중랑구 망우동에 위치한 우림시장은 원래 복개 도로 위 골목형 시장이었다. 지금은 다른 전통시장이 배우러 찾아오는 전통시장의 모범이 되었다. 시장 상인들이 변화하는 사회에서 이런저런 시련을 겪어 오면서 오늘날의 우림시장이 만들어지기까지의 역사는 순탄하지만은 않았다. 하지만 상인들이 힘을 모았기에 시련을 이겨낼 수 있었다. 상인들은 시장의 문화를 직접 만들고, 전통시장 최초로 셔틀버스를 도입하기도 하고, 손님들이 편하게 장을 볼 수 있도록 시설을 현대화시켰다. 우림시장이 변화하고 생존할 수 있었던 데에는 이러한 상인들의 노력이 있었다.",서울특별시,중랑구,한국의 지역별 대표 상설시장과 오일장,"서울, 인천, 경기도의 대표 상설시장과 오일장",중랑문화원,"서울 전통시장, 서울 가볼만한곳, 서장 생활 모습","우림시장, 중랑구, 망우동",,,,,,,0,https://ncms.nculture.org/market/story/8440,중랑문화원
